Project Name,Package Name,Type Name,Design Smell,Cause of the Smell
xp,com.enonic.wem.itest.config,ConfigBeans,Unutilized Abstraction,The tool detected the smell in this class because this class is potentially unused. (Please ignore the smell if the reported class is auto-generated and/or used to serve a specific known purpose.)
xp,com.enonic.wem.itest.home,HomeDirFactory,Unutilized Abstraction,The tool detected the smell in this class because this class is potentially unused. (Please ignore the smell if the reported class is auto-generated and/or used to serve a specific known purpose.)
xp,com.enonic.wem.itest,AbstractSpringTest,Unnecessary Abstraction,The tool detected the smell in this class because the class contains only a few data members without any method implementation, that indicates that the abstraction might not be required. Following fields are declared in this class: 
xp,com.enonic.wem.itest,AbstractSpringTest,Unutilized Abstraction,The tool detected the smell in this class because this class is potentially unused. (Please ignore the smell if the reported class is auto-generated and/or used to serve a specific known purpose.)
xp,com.enonic.wem.core.account,UpdateAccountsHandlerTest,Unutilized Abstraction,The tool detected the smell in this class because this class is potentially unused. (Please ignore the smell if the reported class is auto-generated and/or used to serve a specific known purpose.)
xp,com.enonic.wem.core.account,IsQualifiedUsername,Unutilized Abstraction,The tool detected the smell in this class because this class is potentially unused. (Please ignore the smell if the reported class is auto-generated and/or used to serve a specific known purpose.)
xp,com.enonic.wem.core.account,GetAccountsHandler,Feature Envy,The tool detected a instance of this smell because fetchAccounts is more interested in members of the type: AccountDao
xp,com.enonic.wem.core.account,UpdateAccountsHandler,Feature Envy,The tool detected a instance of this smell because retrieveAccount is more interested in members of the type: AccountDao
xp,com.enonic.wem.core.account,UpdateAccountsHandler,Feature Envy,The tool detected a instance of this smell because updateAccount is more interested in members of the type: AccountDao
xp,com.enonic.wem.core.account,UserProfileTransformer,Unutilized Abstraction,The tool detected the smell in this class because this class is potentially unused. (Please ignore the smell if the reported class is auto-generated and/or used to serve a specific known purpose.)
xp,com.enonic.wem.core.account.dao,AccountDaoImplTest,Insufficient Modularization,The tool detected the smell in this class becuase the class has bloated interface (large number of public methods). Total public methods in the class: 29 public methods
xp,com.enonic.wem.core.account.dao,AccountDaoImpl,Rebellious Hierarchy,The tool detected the smell in this class because method(s) of this class reject the methods provided by its supertypes. The method(s) that reject the suptertype's method are: findAccount
xp,com.enonic.wem.core.account.dao,AccountDaoImpl,Insufficient Modularization,The tool detected the smell in this class becuase the class has bloated interface (large number of public methods). Total public methods in the class: 22 public methods
xp,com.enonic.wem.core.account.dao,AccountDaoConstants,Deficient Encapsulation,The tool detected the smell in this class because the class exposes fields belonging to it with public accessibility. Following fields are declared with public accessiblity: ROOT_NODE; GROUPS_NODE; ROLES_NODE; USERS_NODE
xp,com.enonic.wem.core.account.dao,AccountDao,Broken Hierarchy,The tool detected a potential instance of the smell because this type does not implement or override any method from it's supertype(s): AccountDaoConstants
xp,com.enonic.wem.core.account.dao,AccountDao,Insufficient Modularization,The tool detected the smell in this class becuase the class has bloated interface (large number of public methods). Total public methods in the class: 20 public methods
xp,com.enonic.wem.core.command,AbstractCommandHandlerTest,Unutilized Abstraction,The tool detected the smell in this class because this class is potentially unused. (Please ignore the smell if the reported class is auto-generated and/or used to serve a specific known purpose.)
xp,com.enonic.wem.core.command,CommandInvokerImpl,Unutilized Abstraction,The tool detected the smell in this class because this class is potentially unused. (Please ignore the smell if the reported class is auto-generated and/or used to serve a specific known purpose.)
xp,com.enonic.wem.core.command,CommandContextFactoryImpl,Unutilized Abstraction,The tool detected the smell in this class because this class is potentially unused. (Please ignore the smell if the reported class is auto-generated and/or used to serve a specific known purpose.)
xp,com.enonic.wem.core.userstore,UpdateUserStoresHandlerTest,Unutilized Abstraction,The tool detected the smell in this class because this class is potentially unused. (Please ignore the smell if the reported class is auto-generated and/or used to serve a specific known purpose.)
xp,com.enonic.wem.core.userstore,GetUserStoresHandler,Broken Hierarchy,The tool detected a potential instance of the smell because this type does not implement or override any method from it's supertype(s): AbstractUserStoreHandler
xp,com.enonic.wem.core.userstore,UpdateUserStoresHandler,Feature Envy,The tool detected a instance of this smell because retrieveUserStore is more interested in members of the type: AccountDao
xp,com.enonic.wem.core.userstore,UpdateUserStoresHandler,Feature Envy,The tool detected a instance of this smell because updateUserStore is more interested in members of the type: AccountDao
xp,com.enonic.wem.core.userstore,UpdateUserStoresHandler,Broken Hierarchy,The tool detected a potential instance of the smell because this type does not implement or override any method from it's supertype(s): AbstractUserStoreHandler
xp,com.enonic.wem.core.content,ContentTest,Insufficient Modularization,The tool detected the smell in this class becuase the class has bloated interface (large number of public methods). Total public methods in the class: 28 public methods
xp,com.enonic.wem.core.content,ContentSerializerJsonTest,Unutilized Abstraction,The tool detected the smell in this class because this class is potentially unused. (Please ignore the smell if the reported class is auto-generated and/or used to serve a specific known purpose.)
xp,com.enonic.wem.core.content,ContentSerializerXml,Unutilized Abstraction,The tool detected the smell in this class because this class is potentially unused. (Please ignore the smell if the reported class is auto-generated and/or used to serve a specific known purpose.)
xp,com.enonic.wem.core.content,ContentSerializerJson,Unutilized Abstraction,The tool detected the smell in this class because this class is potentially unused. (Please ignore the smell if the reported class is auto-generated and/or used to serve a specific known purpose.)
xp,com.enonic.wem.core.content,ContentSerializerXmlTest,Unutilized Abstraction,The tool detected the smell in this class because this class is potentially unused. (Please ignore the smell if the reported class is auto-generated and/or used to serve a specific known purpose.)
xp,com.enonic.wem.core.content,RunCukesTest,Unnecessary Abstraction,The tool detected the smell in this class because the class contains only a few data members without any method implementation, that indicates that the abstraction might not be required. Following fields are declared in this class: 
xp,com.enonic.wem.core.content,RunCukesTest,Unutilized Abstraction,The tool detected the smell in this class because this class is potentially unused. (Please ignore the smell if the reported class is auto-generated and/or used to serve a specific known purpose.)
xp,com.enonic.wem.core.content,JsonFactoryHolder,Unnecessary Abstraction,The tool detected the smell in this class because the class contains only a few data members without any method implementation, that indicates that the abstraction might not be required. Following fields are declared in this class: DEFAULT_FACTORY
xp,com.enonic.wem.core.content,JsonFactoryHolder,Deficient Encapsulation,The tool detected the smell in this class because the class exposes fields belonging to it with public accessibility. Following fields are declared with public accessiblity: DEFAULT_FACTORY
xp,com.enonic.wem.core.content,CreateContentHandler,Unutilized Abstraction,The tool detected the smell in this class because this class is potentially unused. (Please ignore the smell if the reported class is auto-generated and/or used to serve a specific known purpose.)
xp,com.enonic.wem.core.content,GetContentsHandler,Unutilized Abstraction,The tool detected the smell in this class because this class is potentially unused. (Please ignore the smell if the reported class is auto-generated and/or used to serve a specific known purpose.)
xp,com.enonic.wem.core.content,UpdateContentsHandler,Unutilized Abstraction,The tool detected the smell in this class because this class is potentially unused. (Please ignore the smell if the reported class is auto-generated and/or used to serve a specific known purpose.)
xp,com.enonic.wem.core.content,UpdateContentHandler,Unutilized Abstraction,The tool detected the smell in this class because this class is potentially unused. (Please ignore the smell if the reported class is auto-generated and/or used to serve a specific known purpose.)
xp,com.enonic.wem.core.content,JsonParsingException,Unutilized Abstraction,The tool detected the smell in this class because this class is potentially unused. (Please ignore the smell if the reported class is auto-generated and/or used to serve a specific known purpose.)
xp,com.enonic.wem.core.content.dao,ContentDaoImplTest,Unutilized Abstraction,The tool detected the smell in this class because this class is potentially unused. (Please ignore the smell if the reported class is auto-generated and/or used to serve a specific known purpose.)
xp,com.enonic.wem.core.content.dao,ContentDao,Broken Hierarchy,The tool detected a potential instance of the smell because this type does not implement or override any method from it's supertype(s): ContentDaoConstants
xp,com.enonic.wem.core.content.dao,ContentDaoConstants,Deficient Encapsulation,The tool detected the smell in this class because the class exposes fields belonging to it with public accessibility. Following fields are declared with public accessiblity: CONTENTS_NODE; CONTENTS_PATH
xp,com.enonic.wem.core.content.dao,ContentDaoImpl,Unutilized Abstraction,The tool detected the smell in this class because this class is potentially unused. (Please ignore the smell if the reported class is auto-generated and/or used to serve a specific known purpose.)
xp,com.enonic.wem.core.content.type,ContentTypeSerializerXmlTest,Unutilized Abstraction,The tool detected the smell in this class because this class is potentially unused. (Please ignore the smell if the reported class is auto-generated and/or used to serve a specific known purpose.)
xp,com.enonic.wem.core.content.type,ContentTypeSerializerJsonTest,Unutilized Abstraction,The tool detected the smell in this class because this class is potentially unused. (Please ignore the smell if the reported class is auto-generated and/or used to serve a specific known purpose.)
xp,com.enonic.wem.core.content.type,ContentTypeSerializerJson,Unutilized Abstraction,The tool detected the smell in this class because this class is potentially unused. (Please ignore the smell if the reported class is auto-generated and/or used to serve a specific known purpose.)
xp,com.enonic.wem.core.content.type,ContentTypeSerializerXml,Unutilized Abstraction,The tool detected the smell in this class because this class is potentially unused. (Please ignore the smell if the reported class is auto-generated and/or used to serve a specific known purpose.)
xp,com.enonic.wem.core.content.type.formitem,FormItemSerializerJson,Cyclically-dependent Modularization,The tool detected the smell in this class because this class participates in a cyclic dependency. The participating classes in the cycle are: FormItemSerializerJson; FormItemsSerializerJson
xp,com.enonic.wem.core.content.type.formitem,FormItemsSerializerXml,Cyclically-dependent Modularization,The tool detected the smell in this class because this class participates in a cyclic dependency. The participating classes in the cycle are: FormItemSerializerXml; FormItemsSerializerXml
xp,com.enonic.wem.core.jcr.loader,JcrXmlLoader,Unutilized Abstraction,The tool detected the smell in this class because this class is potentially unused. (Please ignore the smell if the reported class is auto-generated and/or used to serve a specific known purpose.)
xp,com.enonic.wem.core.client,StandardClient,Unutilized Abstraction,The tool detected the smell in this class because this class is potentially unused. (Please ignore the smell if the reported class is auto-generated and/or used to serve a specific known purpose.)
xp,com.enonic.wem.core.jcr,JcrConstants,Deficient Encapsulation,The tool detected the smell in this class because the class exposes fields belonging to it with public accessibility. Following fields are declared with public accessiblity: WEM_NS; WEM_NS_PREFIX; ROOT_NODE; USER_STORES_NODE; USER_STORES_TYPE; USER_STORE_TYPE; USER_STORE_ADMINISTRATORS_PROPERTY; GROUPS_NODE; GROUPS_TYPE; GROUP_TYPE; MEMBERS_NODE; MEMBERS_PROPERTY; MEMBER_NODE; USERS_NODE; USERS_TYPE; USER_TYPE; USER_PROFILE_TYPE; USER_PROFILE_NODE; ROLES_NODE; ROLES_TYPE; ROLE_TYPE; ACCOUNT_TYPE; USER_STORES_PATH; USER_STORES_ABSOLUTE_PATH
xp,com.enonic.wem.core.jcr,JcrConstants,Broken Modularization,The tool detected the smell in this class because it contains only data members without any method implementation. Following fields are declared in this class: WEM_NS; WEM_NS_PREFIX; ROOT_NODE; USER_STORES_NODE; USER_STORES_TYPE; USER_STORE_TYPE; USER_STORE_ADMINISTRATORS_PROPERTY; GROUPS_NODE; GROUPS_TYPE; GROUP_TYPE; MEMBERS_NODE; MEMBERS_PROPERTY; MEMBER_NODE; USERS_NODE; USERS_TYPE; USER_TYPE; USER_PROFILE_TYPE; USER_PROFILE_NODE; ROLES_NODE; ROLES_TYPE; ROLE_TYPE; ACCOUNT_TYPE; USER_STORES_PATH; USER_STORES_ABSOLUTE_PATH
xp,com.enonic.wem.core.jcr.repository,JcrRepositoryFactory,Unutilized Abstraction,The tool detected the smell in this class because this class is potentially unused. (Please ignore the smell if the reported class is auto-generated and/or used to serve a specific known purpose.)
xp,com.enonic.wem.core.search.account,AccountSearchQuery,Insufficient Modularization,The tool detected the smell in this class becuase the class has bloated interface (large number of public methods). Total public methods in the class: 32 public methods
xp,com.enonic.wem.core.search.indexing,AccountIndexing,Unutilized Abstraction,The tool detected the smell in this class because this class is potentially unused. (Please ignore the smell if the reported class is auto-generated and/or used to serve a specific known purpose.)
xp,com.enonic.wem.taglib.site,SiteBeanTag,Unutilized Abstraction,The tool detected the smell in this class because this class is potentially unused. (Please ignore the smell if the reported class is auto-generated and/or used to serve a specific known purpose.)
xp,com.enonic.wem.api.account,GroupAccountTest,Unutilized Abstraction,The tool detected the smell in this class because this class is potentially unused. (Please ignore the smell if the reported class is auto-generated and/or used to serve a specific known purpose.)
xp,com.enonic.wem.api.account,NonUserAccountTest,Broken Hierarchy,The tool detected a potential instance of the smell because this type does not implement or override any method from it's supertype(s): AccountTest
xp,com.enonic.wem.api.account,RoleAccountTest,Unutilized Abstraction,The tool detected the smell in this class because this class is potentially unused. (Please ignore the smell if the reported class is auto-generated and/or used to serve a specific known purpose.)
xp,com.enonic.wem.api.account,NonUserAccount,Broken Hierarchy,The tool detected a potential instance of the smell because this type does not implement or override any method from it's supertype(s): Account
xp,com.enonic.wem.api.account,AccountKeys,Insufficient Modularization,The tool detected the smell in this class becuase the class has bloated interface (large number of public methods). Total public methods in the class: 26 public methods
xp,com.enonic.wem.api.account,UserAccount,Broken Hierarchy,The tool detected a potential instance of the smell because this type does not implement or override any method from it's supertype(s): Account
xp,com.enonic.wem.api.account,GroupAccount,Broken Hierarchy,The tool detected a potential instance of the smell because this type does not implement or override any method from it's supertype(s): NonUserAccount
xp,com.enonic.wem.api.account,RoleAccount,Broken Hierarchy,The tool detected a potential instance of the smell because this type does not implement or override any method from it's supertype(s): NonUserAccount
xp,com.enonic.wem.api.account,AccountType,Unnecessary Abstraction,The tool detected the smell in this class because the class contains only a few data members without any method implementation, that indicates that the abstraction might not be required. Following fields are declared in this class: 
xp,com.enonic.wem.api.account.profile,UserProfileTest,Imperative Abstraction,The tool detected the smell in this class because it looks like that an operation is turned into a class. This class contains only the following public method: testSetters
xp,com.enonic.wem.api.account.profile,Gender,Unnecessary Abstraction,The tool detected the smell in this class because the class contains only a few data members without any method implementation, that indicates that the abstraction might not be required. Following fields are declared in this class: 
xp,com.enonic.wem.api.account.profile,UserProfile,Insufficient Modularization,The tool detected the smell in this class becuase the class has bloated interface (large number of public methods). Total public methods in the class: 48 public methods
xp,com.enonic.wem.api.account.query,AccountQuery,Insufficient Modularization,The tool detected the smell in this class becuase the class has bloated interface (large number of public methods). Total public methods in the class: 20 public methods
xp,com.enonic.wem.api.account.query,Direction,Unnecessary Abstraction,The tool detected the smell in this class because the class contains only a few data members without any method implementation, that indicates that the abstraction might not be required. Following fields are declared in this class: 
xp,com.enonic.wem.api.account.editor,Operation,Unnecessary Abstraction,The tool detected the smell in this class because the class contains only a few data members without any method implementation, that indicates that the abstraction might not be required. Following fields are declared in this class: 
xp,com.enonic.wem.api.command,CommandTest,Unutilized Abstraction,The tool detected the smell in this class because this class is potentially unused. (Please ignore the smell if the reported class is auto-generated and/or used to serve a specific known purpose.)
xp,com.enonic.wem.api.userstore,UserStore,Deficient Encapsulation,The tool detected the smell in this class because the class exposes fields belonging to it with public accessibility. Following fields are declared with public accessiblity: name; connectorName; defaultStore; connector; config; statistics; administrators
xp,com.enonic.wem.api.userstore,UserStoreNames,Insufficient Modularization,The tool detected the smell in this class becuase the class has bloated interface (large number of public methods). Total public methods in the class: 20 public methods
xp,com.enonic.wem.api.content.data,DataTest,Unutilized Abstraction,The tool detected the smell in this class because this class is potentially unused. (Please ignore the smell if the reported class is auto-generated and/or used to serve a specific known purpose.)
xp,com.enonic.wem.api.content.data,DataEntries,Cyclically-dependent Modularization,The tool detected the smell in this class because this class participates in a cyclic dependency. The participating classes in the cycle are: TypedPath; BaseDataType; JavaType; Data; DataSet; DataEntries; DataType; InvalidValueTypeException; Builder; DataTypes; DataSet; Text; Blob; HtmlPart; Xml; Date; Computed; WholeNumber; DecimalNumber; GeographicCoordinate; InconvertibleException
xp,com.enonic.wem.api.content.data,EntryPath,Insufficient Modularization,The tool detected the smell in this class becuase the class has bloated interface (large number of public methods). Total public methods in the class: 24 public methods
xp,com.enonic.wem.api.content.data,EntrySelector,Cyclic Hierarchy,The tool detected the smell in this class because the class depends on one of its subclasses (creating cycle in the hierarchy). The class is dependent on the following subclass: DataSet
xp,com.enonic.wem.api.content.data,Builder,Unutilized Abstraction,The tool detected the smell in this class because this class is potentially unused. (Please ignore the smell if the reported class is auto-generated and/or used to serve a specific known purpose.)
xp,com.enonic.wem.api.content,ContentStepDefs,Unutilized Abstraction,The tool detected the smell in this class because this class is potentially unused. (Please ignore the smell if the reported class is auto-generated and/or used to serve a specific known purpose.)
xp,com.enonic.wem.api.content,ContentPaths,Insufficient Modularization,The tool detected the smell in this class becuase the class has bloated interface (large number of public methods). Total public methods in the class: 20 public methods
xp,com.enonic.wem.api.content,Content,Feature Envy,The tool detected a instance of this smell because getName is more interested in members of the type: ContentPath
xp,com.enonic.wem.api.content,Content,Insufficient Modularization,The tool detected the smell in this class becuase the class has bloated interface (large number of public methods). Total public methods in the class: 20 public methods
xp,com.enonic.wem.api.content.datatype,JavaType,Cyclically-dependent Modularization,The tool detected the smell in this class because this class participates in a cyclic dependency. The participating classes in the cycle are: TypedPath; BaseDataType; JavaType; Data; DataSet; DataEntries; DataType; InvalidValueTypeException; Builder; DataTypes; DataSet; Text; Blob; HtmlPart; Xml; Date; Computed; WholeNumber; DecimalNumber; GeographicCoordinate; InconvertibleException
xp,com.enonic.wem.api.content.datatype,DataTypes,Deficient Encapsulation,The tool detected the smell in this class because the class exposes fields belonging to it with public accessibility. Following fields are declared with public accessiblity: DATA_SET; TEXT; BLOB; HTML_PART; XML; DATE; COMPUTED; WHOLE_NUMBER; DECIMAL_NUMBER; GEOGRAPHIC_COORDINATE; typesByKey; typesByName
xp,com.enonic.wem.api.content.datatype,HtmlPart,Multipath Hierarchy,The tool detected the smell in this class because the class inherits another class directly as well as indirectly. The redundant inherited supertype is: DataType
xp,com.enonic.wem.api.content.datatype,BaseDataType,Cyclic Hierarchy,The tool detected the smell in this class because the class depends on one of its subclasses (creating cycle in the hierarchy). The class is dependent on the following subclass: DataSet
xp,com.enonic.wem.api.content.type,ContentTypeStepDefs,Deficient Encapsulation,The tool detected the smell in this class because the class exposes fields belonging to it with public accessibility. Following fields are declared with public accessiblity: mockTemplateReferenceFetcher; moduleByName; contentTypeByName; fieldByName; fieldTemplateByTemplateQualifiedName
xp,com.enonic.wem.api.content.type,QualifiedContentTypeNameTest,Unutilized Abstraction,The tool detected the smell in this class because this class is potentially unused. (Please ignore the smell if the reported class is auto-generated and/or used to serve a specific known purpose.)
xp,com.enonic.wem.api.content.type,RequiredContractVerifier,Unutilized Abstraction,The tool detected the smell in this class because this class is potentially unused. (Please ignore the smell if the reported class is auto-generated and/or used to serve a specific known purpose.)
xp,com.enonic.wem.api.content.type,ContentType,Insufficient Modularization,The tool detected the smell in this class becuase the class has bloated interface (large number of public methods). Total public methods in the class: 24 public methods
xp,com.enonic.wem.api.content.type,DataTypeFixer,Unutilized Abstraction,The tool detected the smell in this class because this class is potentially unused. (Please ignore the smell if the reported class is auto-generated and/or used to serve a specific known purpose.)
xp,com.enonic.wem.api.content.type,Validator,Cyclically-dependent Modularization,The tool detected the smell in this class because this class participates in a cyclic dependency. The participating classes in the cycle are: Validator; Builder
xp,com.enonic.wem.api.content.type,ComputedDisplayName,Unnecessary Abstraction,The tool detected the smell in this class because the class contains only a few data members without any method implementation, that indicates that the abstraction might not be required. Following fields are declared in this class: script
xp,com.enonic.wem.api.content.type,ContentHandler,Unnecessary Abstraction,The tool detected the smell in this class because the class contains only a few data members without any method implementation, that indicates that the abstraction might not be required. Following fields are declared in this class: className
xp,com.enonic.wem.api.content.type.formitem,TemplateQualifiedNameTest,Unutilized Abstraction,The tool detected the smell in this class because this class is potentially unused. (Please ignore the smell if the reported class is auto-generated and/or used to serve a specific known purpose.)
xp,com.enonic.wem.api.content.type.formitem,BreaksRequiredContractException,Cyclically-dependent Modularization,The tool detected the smell in this class because this class participates in a cyclic dependency. The participating classes in the cycle are: Component; BreaksRequiredContractException; FormItemSet; FormItems; FieldSet; Builder; TemplateFetcher; Template; TemplateReference
xp,com.enonic.wem.api.content.type.formitem,ComponentTemplates,Unnecessary Abstraction,The tool detected the smell in this class because the class contains only a few data members without any method implementation, that indicates that the abstraction might not be required. Following fields are declared in this class: URL; EMAIL
xp,com.enonic.wem.api.content.type.formitem,ComponentTemplates,Unutilized Abstraction,The tool detected the smell in this class because this class is potentially unused. (Please ignore the smell if the reported class is auto-generated and/or used to serve a specific known purpose.)
xp,com.enonic.wem.api.content.type.formitem,ComponentTemplates,Deficient Encapsulation,The tool detected the smell in this class because the class exposes fields belonging to it with public accessibility. Following fields are declared with public accessiblity: URL; EMAIL
xp,com.enonic.wem.api.content.type.formitem,TemplateType,Unnecessary Abstraction,The tool detected the smell in this class because the class contains only a few data members without any method implementation, that indicates that the abstraction might not be required. Following fields are declared in this class: 
xp,com.enonic.wem.api.content.type.formitem,TemplateType,Unutilized Abstraction,The tool detected the smell in this class because this class is potentially unused. (Please ignore the smell if the reported class is auto-generated and/or used to serve a specific known purpose.)
xp,com.enonic.wem.api.content.type.formitem,FormItemSet,Feature Envy,The tool detected a instance of this smell because required is more interested in members of the type: Occurrences
xp,com.enonic.wem.api.content.type.formitem,FormItemSet,Insufficient Modularization,The tool detected the smell in this class becuase the class has bloated interface (large number of public methods). Total public methods in the class: 27 public methods
xp,com.enonic.wem.api.content.type.formitem,Builder,Unutilized Abstraction,The tool detected the smell in this class because this class is potentially unused. (Please ignore the smell if the reported class is auto-generated and/or used to serve a specific known purpose.)
xp,com.enonic.wem.api.content.type.formitem,Builder,Feature Envy,The tool detected a instance of this smell because required is more interested in members of the type: Occurrences
xp,com.enonic.wem.api.content.type.formitem,Layout,Broken Hierarchy,The tool detected a potential instance of the smell because this type does not implement or override any method from it's supertype(s): FormItem
xp,com.enonic.wem.api.content.type.formitem,Component,Feature Envy,The tool detected a instance of this smell because occurrences is more interested in members of the type: Occurrences
xp,com.enonic.wem.api.content.type.formitem,Component,Feature Envy,The tool detected a instance of this smell because occurrences is more interested in members of the type: Occurrences
xp,com.enonic.wem.api.content.type.formitem,Component,Feature Envy,The tool detected a instance of this smell because required is more interested in members of the type: Occurrences
xp,com.enonic.wem.api.content.type.formitem,Component,Insufficient Modularization,The tool detected the smell in this class becuase the class has bloated interface (large number of public methods). Total public methods in the class: 32 public methods
xp,com.enonic.wem.api.content.type.formitem,Builder,Unutilized Abstraction,The tool detected the smell in this class because this class is potentially unused. (Please ignore the smell if the reported class is auto-generated and/or used to serve a specific known purpose.)
xp,com.enonic.wem.api.content.type.formitem,Builder,Feature Envy,The tool detected a instance of this smell because occurrences is more interested in members of the type: Occurrences
xp,com.enonic.wem.api.content.type.formitem,Builder,Feature Envy,The tool detected a instance of this smell because occurrences is more interested in members of the type: Occurrences
xp,com.enonic.wem.api.content.type.formitem,Builder,Feature Envy,The tool detected a instance of this smell because required is more interested in members of the type: Occurrences
xp,com.enonic.wem.api.content.type.formitem,FormItemType,Unnecessary Abstraction,The tool detected the smell in this class because the class contains only a few data members without any method implementation, that indicates that the abstraction might not be required. Following fields are declared in this class: 
xp,com.enonic.wem.api.content.type.formitem,FormItems,Unexploited Encapsulation,The tool detected the smell because a set of type checks are performed while those types belong to the same hierarchy. The participating types that were checked are: HierarchicalFormItem; Layout in method addFormItem
xp,com.enonic.wem.api.content.type.formitem,FormItems,Missing Hierarchy,The tool detected the smell because a set of type checks are performed to explicitly manage variation in behavior where a hierarchy could have been formed consisting of these participating types. The participating types that were checked are: HierarchicalFormItem; Layout in method addFormItem
xp,com.enonic.wem.api.content.type.formitem,Builder,Unutilized Abstraction,The tool detected the smell in this class because this class is potentially unused. (Please ignore the smell if the reported class is auto-generated and/or used to serve a specific known purpose.)
xp,com.enonic.wem.api.content.type.formitem.comptype,XmlTest,Unutilized Abstraction,The tool detected the smell in this class because this class is potentially unused. (Please ignore the smell if the reported class is auto-generated and/or used to serve a specific known purpose.)
xp,com.enonic.wem.api.content.type.formitem.comptype,TextAreaTest,Unutilized Abstraction,The tool detected the smell in this class because this class is potentially unused. (Please ignore the smell if the reported class is auto-generated and/or used to serve a specific known purpose.)
xp,com.enonic.wem.api.content.type.formitem.comptype,PhoneTest,Unutilized Abstraction,The tool detected the smell in this class because this class is potentially unused. (Please ignore the smell if the reported class is auto-generated and/or used to serve a specific known purpose.)
xp,com.enonic.wem.api.content.type.formitem.comptype,DateTest,Unutilized Abstraction,The tool detected the smell in this class because this class is potentially unused. (Please ignore the smell if the reported class is auto-generated and/or used to serve a specific known purpose.)
xp,com.enonic.wem.api.content.type.formitem.comptype,SingleSelectorTest,Unutilized Abstraction,The tool detected the smell in this class because this class is potentially unused. (Please ignore the smell if the reported class is auto-generated and/or used to serve a specific known purpose.)
xp,com.enonic.wem.api.content.type.formitem.comptype,HtmlAreaTest,Unutilized Abstraction,The tool detected the smell in this class because this class is potentially unused. (Please ignore the smell if the reported class is auto-generated and/or used to serve a specific known purpose.)
xp,com.enonic.wem.api.content.type.formitem.comptype,TextArea,Unutilized Abstraction,The tool detected the smell in this class because this class is potentially unused. (Please ignore the smell if the reported class is auto-generated and/or used to serve a specific known purpose.)
xp,com.enonic.wem.api.content.type.formitem.comptype,TextArea,Broken Hierarchy,The tool detected a potential instance of the smell because this type does not implement or override any method from it's supertype(s): BaseComponentType
xp,com.enonic.wem.api.content.type.formitem.comptype,GeoLocation,Unutilized Abstraction,The tool detected the smell in this class because this class is potentially unused. (Please ignore the smell if the reported class is auto-generated and/or used to serve a specific known purpose.)
xp,com.enonic.wem.api.content.type.formitem.comptype,GeoLocation,Broken Hierarchy,The tool detected a potential instance of the smell because this type does not implement or override any method from it's supertype(s): BaseComponentType
xp,com.enonic.wem.api.content.type.formitem.comptype,Virtual,Unutilized Abstraction,The tool detected the smell in this class because this class is potentially unused. (Please ignore the smell if the reported class is auto-generated and/or used to serve a specific known purpose.)
xp,com.enonic.wem.api.content.type.formitem.comptype,Tags,Unutilized Abstraction,The tool detected the smell in this class because this class is potentially unused. (Please ignore the smell if the reported class is auto-generated and/or used to serve a specific known purpose.)
xp,com.enonic.wem.api.content.type.formitem.comptype,Tags,Broken Hierarchy,The tool detected a potential instance of the smell because this type does not implement or override any method from it's supertype(s): BaseComponentType
xp,com.enonic.wem.api.content.type.formitem.comptype,TextLine,Unutilized Abstraction,The tool detected the smell in this class because this class is potentially unused. (Please ignore the smell if the reported class is auto-generated and/or used to serve a specific known purpose.)
xp,com.enonic.wem.api.content.type.formitem.comptype,TextLine,Broken Hierarchy,The tool detected a potential instance of the smell because this type does not implement or override any method from it's supertype(s): BaseComponentType
xp,com.enonic.wem.api.content.type.formitem.comptype,SingleSelectorConfig,Cyclically-dependent Modularization,The tool detected the smell in this class because this class participates in a cyclic dependency. The participating classes in the cycle are: Builder; SingleSelectorConfig
xp,com.enonic.wem.api.content.type.formitem.comptype,Option,Unutilized Abstraction,The tool detected the smell in this class because this class is potentially unused. (Please ignore the smell if the reported class is auto-generated and/or used to serve a specific known purpose.)
xp,com.enonic.wem.api.content.type.formitem.comptype,Builder,Feature Envy,The tool detected a instance of this smell because addOption is more interested in members of the type: SingleSelectorConfig
xp,com.enonic.wem.api.content.type.formitem.comptype,Builder,Feature Envy,The tool detected a instance of this smell because build is more interested in members of the type: SingleSelectorConfig
xp,com.enonic.wem.api.content.type.formitem.comptype,SelectorType,Unnecessary Abstraction,The tool detected the smell in this class because the class contains only a few data members without any method implementation, that indicates that the abstraction might not be required. Following fields are declared in this class: 
xp,com.enonic.wem.api.content.type.formitem.comptype,Attachment,Unutilized Abstraction,The tool detected the smell in this class because this class is potentially unused. (Please ignore the smell if the reported class is auto-generated and/or used to serve a specific known purpose.)
xp,com.enonic.wem.api.content.type.formitem.comptype,Attachment,Broken Hierarchy,The tool detected a potential instance of the smell because this type does not implement or override any method from it's supertype(s): BaseComponentType
xp,com.enonic.wem.api.content.type.formitem.comptype,WholeNumber,Unutilized Abstraction,The tool detected the smell in this class because this class is potentially unused. (Please ignore the smell if the reported class is auto-generated and/or used to serve a specific known purpose.)
xp,com.enonic.wem.api.content.type.formitem.comptype,WholeNumber,Broken Hierarchy,The tool detected a potential instance of the smell because this type does not implement or override any method from it's supertype(s): BaseComponentType
xp,com.enonic.wem.api.content.type.formitem.comptype,HtmlArea,Unutilized Abstraction,The tool detected the smell in this class because this class is potentially unused. (Please ignore the smell if the reported class is auto-generated and/or used to serve a specific known purpose.)
xp,com.enonic.wem.api.content.type.formitem.comptype,HtmlArea,Broken Hierarchy,The tool detected a potential instance of the smell because this type does not implement or override any method from it's supertype(s): BaseComponentType
xp,com.enonic.wem.api.content.type.formitem.comptype,BaseComponentType,Wide Hierarchy,The tool detected the smell in this class because the number of children for the class is large. This class has following sub-classes: TextArea; GeoLocation; Virtual; Tags; TextLine; Attachment; SingleSelector; WholeNumber; HtmlArea; Color; Date; DecimalNumber; Money; Xml; Address; Image; Phone
xp,com.enonic.wem.api.content.type.formitem.comptype,Color,Unutilized Abstraction,The tool detected the smell in this class because this class is potentially unused. (Please ignore the smell if the reported class is auto-generated and/or used to serve a specific known purpose.)
xp,com.enonic.wem.api.content.type.formitem.comptype,Builder,Unutilized Abstraction,The tool detected the smell in this class because this class is potentially unused. (Please ignore the smell if the reported class is auto-generated and/or used to serve a specific known purpose.)
xp,com.enonic.wem.api.content.type.formitem.comptype,Date,Unutilized Abstraction,The tool detected the smell in this class because this class is potentially unused. (Please ignore the smell if the reported class is auto-generated and/or used to serve a specific known purpose.)
xp,com.enonic.wem.api.content.type.formitem.comptype,Date,Broken Hierarchy,The tool detected a potential instance of the smell because this type does not implement or override any method from it's supertype(s): BaseComponentType
xp,com.enonic.wem.api.content.type.formitem.comptype,DecimalNumber,Unutilized Abstraction,The tool detected the smell in this class because this class is potentially unused. (Please ignore the smell if the reported class is auto-generated and/or used to serve a specific known purpose.)
xp,com.enonic.wem.api.content.type.formitem.comptype,DecimalNumber,Broken Hierarchy,The tool detected a potential instance of the smell because this type does not implement or override any method from it's supertype(s): BaseComponentType
xp,com.enonic.wem.api.content.type.formitem.comptype,Money,Unutilized Abstraction,The tool detected the smell in this class because this class is potentially unused. (Please ignore the smell if the reported class is auto-generated and/or used to serve a specific known purpose.)
xp,com.enonic.wem.api.content.type.formitem.comptype,Money,Broken Hierarchy,The tool detected a potential instance of the smell because this type does not implement or override any method from it's supertype(s): BaseComponentType
xp,com.enonic.wem.api.content.type.formitem.comptype,Xml,Unutilized Abstraction,The tool detected the smell in this class because this class is potentially unused. (Please ignore the smell if the reported class is auto-generated and/or used to serve a specific known purpose.)
xp,com.enonic.wem.api.content.type.formitem.comptype,Xml,Broken Hierarchy,The tool detected a potential instance of the smell because this type does not implement or override any method from it's supertype(s): BaseComponentType
xp,com.enonic.wem.api.content.type.formitem.comptype,Address,Unutilized Abstraction,The tool detected the smell in this class because this class is potentially unused. (Please ignore the smell if the reported class is auto-generated and/or used to serve a specific known purpose.)
xp,com.enonic.wem.api.content.type.formitem.comptype,Address,Broken Hierarchy,The tool detected a potential instance of the smell because this type does not implement or override any method from it's supertype(s): BaseComponentType
xp,com.enonic.wem.api.content.type.formitem.comptype,ComponentTypes,Deficient Encapsulation,The tool detected the smell in this class because the class exposes fields belonging to it with public accessibility. Following fields are declared with public accessiblity: COLOR; DATE; DECIMAL_NUMBER; GEO_LOCATION; HTML_AREA; PHONE; SINGLE_SELECTOR; TAGS; TEXT_LINE; TEXT_AREA; VIRTUAL; WHOLE_NUMBER; XML; componentTypeByName; componentTypeByDataTypeKey
xp,com.enonic.wem.api.content.type.formitem.comptype,SingleSelectorConfigSerializerXml,Deficient Encapsulation,The tool detected the smell in this class because the class exposes fields belonging to it with public accessibility. Following fields are declared with public accessiblity: DEFAULT
xp,com.enonic.wem.api.content.type.formitem.comptype,Image,Unutilized Abstraction,The tool detected the smell in this class because this class is potentially unused. (Please ignore the smell if the reported class is auto-generated and/or used to serve a specific known purpose.)
xp,com.enonic.wem.api.content.type.formitem.comptype,Image,Broken Hierarchy,The tool detected a potential instance of the smell because this type does not implement or override any method from it's supertype(s): BaseComponentType
xp,com.enonic.wem.api.content.type.formitem.comptype,SingleSelectorConfigSerializerJson,Deficient Encapsulation,The tool detected the smell in this class because the class exposes fields belonging to it with public accessibility. Following fields are declared with public accessiblity: DEFAULT
xp,com.enonic.wem.api.content.type.formitem.comptype,TypedPath,Cyclically-dependent Modularization,The tool detected the smell in this class because this class participates in a cyclic dependency. The participating classes in the cycle are: TypedPath; BaseDataType; JavaType; Data; DataSet; DataEntries; DataType; InvalidValueTypeException; Builder; DataTypes; DataSet; Text; Blob; HtmlPart; Xml; Date; Computed; WholeNumber; DecimalNumber; GeographicCoordinate; InconvertibleException
xp,com.enonic.wem.api.content.type.formitem.comptype,Phone,Unutilized Abstraction,The tool detected the smell in this class because this class is potentially unused. (Please ignore the smell if the reported class is auto-generated and/or used to serve a specific known purpose.)
xp,com.enonic.wem.api.content.type.formitem.comptype,Phone,Broken Hierarchy,The tool detected a potential instance of the smell because this type does not implement or override any method from it's supertype(s): BaseComponentType
xp,com.enonic.wem.api.exception,UserStoreNotFoundException,Unutilized Abstraction,The tool detected the smell in this class because this class is potentially unused. (Please ignore the smell if the reported class is auto-generated and/or used to serve a specific known purpose.)
xp,com.enonic.wem.api.exception,UserStoreNotFoundException,Broken Hierarchy,The tool detected a potential instance of the smell because this type does not implement or override any method from it's supertype(s): BaseException
xp,com.enonic.wem.api.exception,InvalidUserStoreConfigException,Unutilized Abstraction,The tool detected the smell in this class because this class is potentially unused. (Please ignore the smell if the reported class is auto-generated and/or used to serve a specific known purpose.)
xp,com.enonic.wem.api.exception,InvalidUserStoreConfigException,Broken Hierarchy,The tool detected a potential instance of the smell because this type does not implement or override any method from it's supertype(s): BaseException
xp,com.enonic.wem.api.exception,AccountNotFoundException,Broken Hierarchy,The tool detected a potential instance of the smell because this type does not implement or override any method from it's supertype(s): BaseException
xp,com.enonic.wem.api.exception,SystemException,Broken Hierarchy,The tool detected a potential instance of the smell because this type does not implement or override any method from it's supertype(s): BaseException
xp,com.enonic.wem.api.command.userstore,UserStoreCommands,Unutilized Abstraction,The tool detected the smell in this class because this class is potentially unused. (Please ignore the smell if the reported class is auto-generated and/or used to serve a specific known purpose.)
xp,com.enonic.wem.api.command.content,ContentCommands,Unutilized Abstraction,The tool detected the smell in this class because this class is potentially unused. (Please ignore the smell if the reported class is auto-generated and/or used to serve a specific known purpose.)
xp,com.enonic.wem.api.userstore.connector,UserStoreConnector,Insufficient Modularization,The tool detected the smell in this class becuase the class has bloated interface (large number of public methods). Total public methods in the class: 28 public methods
xp,com.enonic.wem.api.userstore.editor,SetUserStoreAdministratorsEditor,Unutilized Abstraction,The tool detected the smell in this class because this class is potentially unused. (Please ignore the smell if the reported class is auto-generated and/or used to serve a specific known purpose.)
xp,com.enonic.wem.api.userstore.editor,CompositeEditor,Unutilized Abstraction,The tool detected the smell in this class because this class is potentially unused. (Please ignore the smell if the reported class is auto-generated and/or used to serve a specific known purpose.)
xp,com.enonic.wem.api.userstore.editor,SetUserStoreEditor,Unutilized Abstraction,The tool detected the smell in this class because this class is potentially unused. (Please ignore the smell if the reported class is auto-generated and/or used to serve a specific known purpose.)
xp,com.enonic.wem.api.module,Module,Deficient Encapsulation,The tool detected the smell in this class because the class exposes fields belonging to it with public accessibility. Following fields are declared with public accessiblity: SYSTEM; name; name
xp,com.enonic.wem.api.module,Module,Cyclically-dependent Modularization,The tool detected the smell in this class because this class participates in a cyclic dependency. The participating classes in the cycle are: ModuleBuilder; Module
xp,com.enonic.wem.api.content.editor,CompositeEditor,Unutilized Abstraction,The tool detected the smell in this class because this class is potentially unused. (Please ignore the smell if the reported class is auto-generated and/or used to serve a specific known purpose.)
xp,com.enonic.wem.api.content.editor,SetContentDataEditor,Unutilized Abstraction,The tool detected the smell in this class because this class is potentially unused. (Please ignore the smell if the reported class is auto-generated and/or used to serve a specific known purpose.)
xp,com.enonic.wem.api.content.editor,SetContentNameEditor,Unutilized Abstraction,The tool detected the smell in this class because this class is potentially unused. (Please ignore the smell if the reported class is auto-generated and/or used to serve a specific known purpose.)
xp,(default package),HelloWorld,Unutilized Abstraction,The tool detected the smell in this class because this class is potentially unused. (Please ignore the smell if the reported class is auto-generated and/or used to serve a specific known purpose.)
xp,com.enonic.wem.migrate.jcr,JcrMigrateTask,Unutilized Abstraction,The tool detected the smell in this class because this class is potentially unused. (Please ignore the smell if the reported class is auto-generated and/or used to serve a specific known purpose.)
xp,com.enonic.wem.migrate.jcr,JcrBootstrap,Unutilized Abstraction,The tool detected the smell in this class because this class is potentially unused. (Please ignore the smell if the reported class is auto-generated and/or used to serve a specific known purpose.)
xp,com.enonic.wem.web.rest.resource.upload,UploadResult,Unutilized Abstraction,The tool detected the smell in this class because this class is potentially unused. (Please ignore the smell if the reported class is auto-generated and/or used to serve a specific known purpose.)
xp,com.enonic.wem.web.rest.resource.account,ParseAccountTypeFunction,Unutilized Abstraction,The tool detected the smell in this class because this class is potentially unused. (Please ignore the smell if the reported class is auto-generated and/or used to serve a specific known purpose.)
xp,com.enonic.wem.web.rest.resource,AbstractResourceTest,Unutilized Abstraction,The tool detected the smell in this class because this class is potentially unused. (Please ignore the smell if the reported class is auto-generated and/or used to serve a specific known purpose.)
xp,com.enonic.wem.web.rest.rpc.account,GetAccountRpcHandlerTest,Broken Hierarchy,The tool detected a potential instance of the smell because this type does not implement or override any method from it's supertype(s): AbstractAccountRpcHandlerTest
xp,com.enonic.wem.web.rest.rpc.account,FindAccountsRpcHandlerTest,Broken Hierarchy,The tool detected a potential instance of the smell because this type does not implement or override any method from it's supertype(s): AbstractAccountRpcHandlerTest
xp,com.enonic.wem.web.rest.rpc.account,GetAccountGraphJsonHandlerTest,Broken Hierarchy,The tool detected a potential instance of the smell because this type does not implement or override any method from it's supertype(s): AbstractAccountRpcHandlerTest
xp,com.enonic.wem.web.rest.rpc.account,FindAccountsJsonResult,Unutilized Abstraction,The tool detected the smell in this class because this class is potentially unused. (Please ignore the smell if the reported class is auto-generated and/or used to serve a specific known purpose.)
xp,com.enonic.wem.web.rest.rpc.account,FindAccountsJsonResult,Broken Hierarchy,The tool detected a potential instance of the smell because this type does not implement or override any method from it's supertype(s): AbstractAccountJsonResult
xp,com.enonic.wem.web.rest.rpc.account,SuggestUserNameJsonResult,Unutilized Abstraction,The tool detected the smell in this class because this class is potentially unused. (Please ignore the smell if the reported class is auto-generated and/or used to serve a specific known purpose.)
xp,com.enonic.wem.web.rest.rpc.account,GetAccountJsonResult,Unutilized Abstraction,The tool detected the smell in this class because this class is potentially unused. (Please ignore the smell if the reported class is auto-generated and/or used to serve a specific known purpose.)
xp,com.enonic.wem.web.rest.rpc.account,GetAccountJsonResult,Broken Hierarchy,The tool detected a potential instance of the smell because this type does not implement or override any method from it's supertype(s): AbstractAccountJsonResult
xp,com.enonic.wem.web.rest.rpc.account,GraphComparator,Unutilized Abstraction,The tool detected the smell in this class because this class is potentially unused. (Please ignore the smell if the reported class is auto-generated and/or used to serve a specific known purpose.)
xp,com.enonic.wem.web.rest.rpc.account,DeleteAccountsJsonResult,Unutilized Abstraction,The tool detected the smell in this class because this class is potentially unused. (Please ignore the smell if the reported class is auto-generated and/or used to serve a specific known purpose.)
xp,com.enonic.wem.web.rest.rpc.account,VerifyUniqueEmailJsonResult,Unutilized Abstraction,The tool detected the smell in this class because this class is potentially unused. (Please ignore the smell if the reported class is auto-generated and/or used to serve a specific known purpose.)
xp,com.enonic.wem.web.rest.rpc.account,ChangePasswordJsonResult,Unutilized Abstraction,The tool detected the smell in this class because this class is potentially unused. (Please ignore the smell if the reported class is auto-generated and/or used to serve a specific known purpose.)
xp,com.enonic.wem.web.rest.rpc.userstore,GetUserStoreRpcHandlerTest,Broken Hierarchy,The tool detected a potential instance of the smell because this type does not implement or override any method from it's supertype(s): AbstractUserStoreRpcHandlerTest
xp,com.enonic.wem.web.rest.rpc.userstore,GetAllUserStoresRpcHandlerTest,Broken Hierarchy,The tool detected a potential instance of the smell because this type does not implement or override any method from it's supertype(s): AbstractUserStoreRpcHandlerTest
xp,com.enonic.wem.web.rest.rpc.userstore,GetUserStoreJsonResult,Unutilized Abstraction,The tool detected the smell in this class because this class is potentially unused. (Please ignore the smell if the reported class is auto-generated and/or used to serve a specific known purpose.)
xp,com.enonic.wem.web.rest.rpc.userstore,GetUserStoreJsonResult,Broken Hierarchy,The tool detected a potential instance of the smell because this type does not implement or override any method from it's supertype(s): AbstractUserStoreJsonResult
xp,com.enonic.wem.web.rest.rpc.userstore,DeleteUserStoreJsonResult,Unutilized Abstraction,The tool detected the smell in this class because this class is potentially unused. (Please ignore the smell if the reported class is auto-generated and/or used to serve a specific known purpose.)
xp,com.enonic.wem.web.rest.rpc.userstore,GetUserstoreConnectorsJsonResult,Unutilized Abstraction,The tool detected the smell in this class because this class is potentially unused. (Please ignore the smell if the reported class is auto-generated and/or used to serve a specific known purpose.)
xp,com.enonic.wem.web.rest.rpc.userstore,GetAllUserStoresJsonResult,Unutilized Abstraction,The tool detected the smell in this class because this class is potentially unused. (Please ignore the smell if the reported class is auto-generated and/or used to serve a specific known purpose.)
xp,com.enonic.wem.web.rest.rpc.userstore,GetAllUserStoresJsonResult,Broken Hierarchy,The tool detected a potential instance of the smell because this type does not implement or override any method from it's supertype(s): AbstractUserStoreJsonResult
xp,com.enonic.wem.web.rest.rpc.content,CreateOrUpdateContentRpcHandlerTest,Unutilized Abstraction,The tool detected the smell in this class because this class is potentially unused. (Please ignore the smell if the reported class is auto-generated and/or used to serve a specific known purpose.)
xp,com.enonic.wem.web.rest.rpc,AbstractRpcHandlerTest,Unutilized Abstraction,The tool detected the smell in this class because this class is potentially unused. (Please ignore the smell if the reported class is auto-generated and/or used to serve a specific known purpose.)
xp,com.enonic.wem.web.rest.rpc,AbstractDataRpcHandler,Unutilized Abstraction,The tool detected the smell in this class because this class is potentially unused. (Please ignore the smell if the reported class is auto-generated and/or used to serve a specific known purpose.)
xp,com.enonic.wem.web.json.rpc.processor,JsonRpcRequest,Broken Hierarchy,The tool detected a potential instance of the smell because this type does not implement or override any method from it's supertype(s): JsonRpcMessage
xp,com.enonic.wem.web.json.rpc.processor,JsonRpcParamImpl,Insufficient Modularization,The tool detected the smell in this class becuase the class has bloated interface (large number of public methods). Total public methods in the class: 24 public methods
xp,com.enonic.wem.web.json.rpc.processor,JsonRpcResponse,Broken Hierarchy,The tool detected a potential instance of the smell because this type does not implement or override any method from it's supertype(s): JsonRpcMessage
xp,com.enonic.wem.web.filter,ServletFilterBeans,Unutilized Abstraction,The tool detected the smell in this class because this class is potentially unused. (Please ignore the smell if the reported class is auto-generated and/or used to serve a specific known purpose.)
xp,com.enonic.wem.web.filter.bundle,BundleFilter,Unutilized Abstraction,The tool detected the smell in this class because this class is potentially unused. (Please ignore the smell if the reported class is auto-generated and/or used to serve a specific known purpose.)
xp,com.enonic.wem.web.filter.bundle.processor,BundleProcessorImpl,Unutilized Abstraction,The tool detected the smell in this class because this class is potentially unused. (Please ignore the smell if the reported class is auto-generated and/or used to serve a specific known purpose.)
xp,com.enonic.wem.web.filter.bundle.compressor,JsMinScriptCompressor,Unutilized Abstraction,The tool detected the smell in this class because this class is potentially unused. (Please ignore the smell if the reported class is auto-generated and/or used to serve a specific known purpose.)
xp,com.enonic.wem.web.filter.bundle.generator,CompositeScriptGenerator,Unutilized Abstraction,The tool detected the smell in this class because this class is potentially unused. (Please ignore the smell if the reported class is auto-generated and/or used to serve a specific known purpose.)
xp,com.enonic.wem.web.filter.bundle.generator,TemplateScriptGenerator,Unutilized Abstraction,The tool detected the smell in this class because this class is potentially unused. (Please ignore the smell if the reported class is auto-generated and/or used to serve a specific known purpose.)
xp,com.enonic.wem.web.filter.bundle.generator,TemplateScriptGenerator,Broken Hierarchy,The tool detected a potential instance of the smell because this type does not implement or override any method from it's supertype(s): AbstractScriptGenerator
xp,com.enonic.wem.web.filter.bundle.generator,JoinScriptGenerator,Unutilized Abstraction,The tool detected the smell in this class because this class is potentially unused. (Please ignore the smell if the reported class is auto-generated and/or used to serve a specific known purpose.)
xp,com.enonic.wem.web.filter.bundle.generator,JoinScriptGenerator,Broken Hierarchy,The tool detected a potential instance of the smell because this type does not implement or override any method from it's supertype(s): AbstractScriptGenerator
xp,com.enonic.wem.web.rest,JaxRsServlet,Unutilized Abstraction,The tool detected the smell in this class because this class is potentially unused. (Please ignore the smell if the reported class is auto-generated and/or used to serve a specific known purpose.)
xp,com.enonic.wem.web.rest.service.upload,UploadServiceImpl,Unutilized Abstraction,The tool detected the smell in this class because this class is potentially unused. (Please ignore the smell if the reported class is auto-generated and/or used to serve a specific known purpose.)
xp,com.enonic.wem.web.rest.service.userstore,UserStoreUpdateService,Unutilized Abstraction,The tool detected the smell in this class because this class is potentially unused. (Please ignore the smell if the reported class is auto-generated and/or used to serve a specific known purpose.)
xp,com.enonic.wem.web.rest.provider,JsonSerializableProvider,Unutilized Abstraction,The tool detected the smell in this class because this class is potentially unused. (Please ignore the smell if the reported class is auto-generated and/or used to serve a specific known purpose.)
xp,com.enonic.wem.web.rest.provider,JsonObjectProvider,Unutilized Abstraction,The tool detected the smell in this class because this class is potentially unused. (Please ignore the smell if the reported class is auto-generated and/or used to serve a specific known purpose.)
xp,com.enonic.wem.web.rest.filter,AllowOriginFilter,Unutilized Abstraction,The tool detected the smell in this class because this class is potentially unused. (Please ignore the smell if the reported class is auto-generated and/or used to serve a specific known purpose.)
xp,com.enonic.wem.web.json,JsonErrorResult,Broken Hierarchy,The tool detected a potential instance of the smell because this type does not implement or override any method from it's supertype(s): JsonResult
xp,com.enonic.wem.web.json.rpc.controller,JsonRpcController,Unutilized Abstraction,The tool detected the smell in this class because this class is potentially unused. (Please ignore the smell if the reported class is auto-generated and/or used to serve a specific known purpose.)
