Project Name,Package Name,Type Name,Method Name,LOC,CC,PC,Line no,IsTest,Main prod class tested,Production classes tested
spring-projects_spring-data-keyvalue,org.springframework.data.keyvalue.repository,SimpleKeyValueRepositoryUnitTests,setUp,5,1,0,59,0,,
spring-projects_spring-data-keyvalue,org.springframework.data.keyvalue.repository,SimpleKeyValueRepositoryUnitTests,saveNewWithNumericId,7,1,0,68,1,,
spring-projects_spring-data-keyvalue,org.springframework.data.keyvalue.repository,SimpleKeyValueRepositoryUnitTests,testDoubleSave,8,1,0,80,1,,
spring-projects_spring-data-keyvalue,org.springframework.data.keyvalue.repository,SimpleKeyValueRepositoryUnitTests,multipleSave,7,1,0,93,1,,
spring-projects_spring-data-keyvalue,org.springframework.data.keyvalue.repository,SimpleKeyValueRepositoryUnitTests,deleteEntity,7,1,0,104,1,,
spring-projects_spring-data-keyvalue,org.springframework.data.keyvalue.repository,SimpleKeyValueRepositoryUnitTests,deleteById,4,1,0,115,1,,
spring-projects_spring-data-keyvalue,org.springframework.data.keyvalue.repository,SimpleKeyValueRepositoryUnitTests,deleteAllById,5,1,0,123,1,,
spring-projects_spring-data-keyvalue,org.springframework.data.keyvalue.repository,SimpleKeyValueRepositoryUnitTests,deleteAll,4,1,0,132,1,,
spring-projects_spring-data-keyvalue,org.springframework.data.keyvalue.repository,SimpleKeyValueRepositoryUnitTests,findAllIds,5,1,0,140,1,,
spring-projects_spring-data-keyvalue,org.springframework.data.keyvalue.repository,SimpleKeyValueRepositoryUnitTests,existsByIdReturnsFalseForEmptyOptional,4,1,0,150,1,,
spring-projects_spring-data-keyvalue,org.springframework.data.keyvalue.repository,SimpleKeyValueRepositoryUnitTests,existsByIdReturnsTrueWhenOptionalValuePresent,4,1,0,158,1,,
spring-projects_spring-data-keyvalue,org.springframework.data.keyvalue.repository,SimpleKeyValueRepositoryUnitTests,findAllWithPageableShouldDelegateToOperationsCorrectlyWhenPageableDoesNotContainSort,4,1,0,166,1,,
spring-projects_spring-data-keyvalue,org.springframework.data.keyvalue.repository,SimpleKeyValueRepositoryUnitTests,findAllWithPageableShouldDelegateToOperationsCorrectlyWhenPageableContainsSort,5,1,0,174,1,,
spring-projects_spring-data-keyvalue,org.springframework.data.keyvalue.repository,SimpleKeyValueRepositoryUnitTests,findAllShouldFallbackToFindAllOfWhenGivenNullPageable,4,1,0,183,1,,
spring-projects_spring-data-keyvalue,org.springframework.data.keyvalue.repository,SimpleKeyValueRepositoryUnitTests,getEntityInformationFor,4,1,1,191,0,,
spring-projects_spring-data-keyvalue,org.springframework.data.keyvalue.repository.config,KeyValueRepositoryConfigurationExtension,getRepositoryFactoryBeanClassName,3,1,0,53,0,,
spring-projects_spring-data-keyvalue,org.springframework.data.keyvalue.repository.config,KeyValueRepositoryConfigurationExtension,getModuleName,3,1,0,58,0,,
spring-projects_spring-data-keyvalue,org.springframework.data.keyvalue.repository.config,KeyValueRepositoryConfigurationExtension,getModulePrefix,3,1,0,63,0,,
spring-projects_spring-data-keyvalue,org.springframework.data.keyvalue.repository.config,KeyValueRepositoryConfigurationExtension,getIdentifyingTypes,3,1,0,68,0,,
spring-projects_spring-data-keyvalue,org.springframework.data.keyvalue.repository.config,KeyValueRepositoryConfigurationExtension,postProcess,7,1,2,73,0,org.springframework.data.keyvalue.repository.config.KeyValueRepositoryConfigurationExtension,org.springframework.data.keyvalue.repository.config.KeyValueRepositoryConfigurationExtension
spring-projects_spring-data-keyvalue,org.springframework.data.keyvalue.repository.config,KeyValueRepositoryConfigurationExtension,getQueryCreatorType,9,2,1,84,0,,
spring-projects_spring-data-keyvalue,org.springframework.data.keyvalue.repository.config,KeyValueRepositoryConfigurationExtension,getQueryType,9,2,1,106,0,,
spring-projects_spring-data-keyvalue,org.springframework.data.keyvalue.repository.config,KeyValueRepositoryConfigurationExtension,registerBeansForRoot,16,3,2,128,0,org.springframework.data.keyvalue.repository.config.KeyValueRepositoryConfigurationExtension,org.springframework.data.keyvalue.repository.config.KeyValueRepositoryConfigurationExtension
spring-projects_spring-data-keyvalue,org.springframework.data.keyvalue.repository.config,KeyValueRepositoryConfigurationExtension,getDefaultKeyValueTemplateBeanDefinition,3,1,1,157,0,,
spring-projects_spring-data-keyvalue,org.springframework.data.keyvalue.repository.config,KeyValueRepositoryConfigurationExtension,getDefaultKeyValueTemplateRef,0,1,0,169,0,,
spring-projects_spring-data-keyvalue,org.springframework.data.keyvalue.repository.config,KeyValueRepositoryConfigurationExtension,getMappingContextBeanRef,3,1,0,180,0,,
spring-projects_spring-data-keyvalue,org.springframework.data.keyvalue.repository.query,CachingKeyValuePartTreeQuery,CachingKeyValuePartTreeQuery,3,1,4,38,0,,
spring-projects_spring-data-keyvalue,org.springframework.data.keyvalue.repository.query,CachingKeyValuePartTreeQuery,prepareQuery,6,2,1,44,0,org.springframework.data.keyvalue.repository.query.CachingKeyValuePartTreeQuery,org.springframework.data.keyvalue.repository.query.CachingKeyValuePartTreeQuery
spring-projects_spring-data-keyvalue,org.springframework.data.keyvalue.repository.query,KeyValuePartTreeQuery,KeyValuePartTreeQuery,3,1,4,60,0,,
spring-projects_spring-data-keyvalue,org.springframework.data.keyvalue.repository.query,KeyValuePartTreeQuery,KeyValuePartTreeQuery,11,1,4,76,0,,
spring-projects_spring-data-keyvalue,org.springframework.data.keyvalue.repository.query,KeyValuePartTreeQuery,execute,6,1,1,104,0,org.springframework.data.keyvalue.repository.query.KeyValuePartTreeQuery,org.springframework.data.keyvalue.repository.query.KeyValuePartTreeQuery
spring-projects_spring-data-keyvalue,org.springframework.data.keyvalue.repository.query,KeyValuePartTreeQuery,doExecute,21,5,2,114,0,,
spring-projects_spring-data-keyvalue,org.springframework.data.keyvalue.repository.query,KeyValuePartTreeQuery,prepareQuery,3,1,1,148,0,org.springframework.data.keyvalue.repository.query.KeyValuePartTreeQuery,org.springframework.data.keyvalue.repository.query.KeyValuePartTreeQuery
spring-projects_spring-data-keyvalue,org.springframework.data.keyvalue.repository.query,KeyValuePartTreeQuery,prepareQuery,21,4,2,154,0,org.springframework.data.keyvalue.repository.query.KeyValuePartTreeQuery,org.springframework.data.keyvalue.repository.query.KeyValuePartTreeQuery
spring-projects_spring-data-keyvalue,org.springframework.data.keyvalue.repository.query,KeyValuePartTreeQuery,getSpelExpression,9,3,1,187,0,org.springframework.data.keyvalue.repository.query.KeyValuePartTreeQuery,org.springframework.data.keyvalue.repository.query.KeyValuePartTreeQuery
spring-projects_spring-data-keyvalue,org.springframework.data.keyvalue.repository.query,KeyValuePartTreeQuery,createQuery,9,2,1,200,0,,
spring-projects_spring-data-keyvalue,org.springframework.data.keyvalue.repository.query,KeyValuePartTreeQuery,getQueryMethod,3,1,0,220,0,,
spring-projects_spring-data-keyvalue,org.springframework.data.keyvalue.repository.query,SpelQueryCreator,SpelQueryCreator,4,1,2,47,0,org.springframework.data.keyvalue.repository.query.SpelQueryCreator,org.springframework.data.keyvalue.repository.query.SpelQueryCreator
spring-projects_spring-data-keyvalue,org.springframework.data.keyvalue.repository.query,SpelQueryCreator,create,3,1,2,60,0,,
spring-projects_spring-data-keyvalue,org.springframework.data.keyvalue.repository.query,SpelQueryCreator,and,3,1,3,65,0,,
spring-projects_spring-data-keyvalue,org.springframework.data.keyvalue.repository.query,SpelQueryCreator,or,3,1,2,70,0,,
spring-projects_spring-data-keyvalue,org.springframework.data.keyvalue.repository.query,SpelQueryCreator,complete,7,2,2,75,0,,
spring-projects_spring-data-keyvalue,org.springframework.data.keyvalue.repository.query,SpelQueryCreator,toPredicateExpression,0,29,1,87,0,org.springframework.data.keyvalue.repository.query.SpelQueryCreator,org.springframework.data.keyvalue.repository.query.SpelQueryCreator
spring-projects_spring-data-keyvalue,org.springframework.data.keyvalue.repository.query,SpelQueryCreator,requiresInverseLookup,3,1,1,208,0,,
spring-projects_spring-data-keyvalue,org.springframework.data.keyvalue.repository.query,KeyValuePartTreeQueryUnitTests,spelExpressionAndContextShouldNotBeReused,11,1,0,54,1,,
spring-projects_spring-data-keyvalue,org.springframework.data.keyvalue.repository.query,KeyValuePartTreeQueryUnitTests,shouldApplyPageableParameterToCollectionQuery,10,1,0,77,1,,
spring-projects_spring-data-keyvalue,org.springframework.data.keyvalue.repository.query,KeyValuePartTreeQueryUnitTests,shouldApplyDerivedMaxResultsToQuery,9,1,0,98,1,,
spring-projects_spring-data-keyvalue,org.springframework.data.keyvalue.repository.query,KeyValuePartTreeQueryUnitTests,shouldApplyDerivedMaxResultsToQueryWithParameters,11,1,0,117,1,,
spring-projects_spring-data-keyvalue,org.springframework.data.keyvalue.repository.query,KeyValuePartTreeQueryUnitTests,shouldUseCountForExists,10,1,0,140,1,,
spring-projects_spring-data-keyvalue,org.springframework.data.keyvalue.repository.query,CachingKeyValuePartTreeQueryUnitTests,setUp,5,1,0,52,0,,
spring-projects_spring-data-keyvalue,org.springframework.data.keyvalue.repository.query,CachingKeyValuePartTreeQueryUnitTests,cachedSpelExpressionShouldBeReusedWithNewContext,9,1,0,61,1,,
spring-projects_spring-data-keyvalue,org.springframework.data.keyvalue.repository.query,SpelQueryCreatorUnitTests,equalsReturnsTrueWhenMatching,3,1,0,70,1,,
spring-projects_spring-data-keyvalue,org.springframework.data.keyvalue.repository.query,SpelQueryCreatorUnitTests,equalsReturnsFalseWhenNotMatching,3,1,0,75,1,,
spring-projects_spring-data-keyvalue,org.springframework.data.keyvalue.repository.query,SpelQueryCreatorUnitTests,isTrueAssertedProperlyWhenTrue,3,1,0,80,1,,
spring-projects_spring-data-keyvalue,org.springframework.data.keyvalue.repository.query,SpelQueryCreatorUnitTests,isTrueAssertedProperlyWhenFalse,3,1,0,85,1,,
spring-projects_spring-data-keyvalue,org.springframework.data.keyvalue.repository.query,SpelQueryCreatorUnitTests,isFalseAssertedProperlyWhenTrue,3,1,0,90,1,,
spring-projects_spring-data-keyvalue,org.springframework.data.keyvalue.repository.query,SpelQueryCreatorUnitTests,isFalseAssertedProperlyWhenFalse,3,1,0,95,1,,
spring-projects_spring-data-keyvalue,org.springframework.data.keyvalue.repository.query,SpelQueryCreatorUnitTests,isNullAssertedProperlyWhenAttributeIsNull,3,1,0,100,1,,
spring-projects_spring-data-keyvalue,org.springframework.data.keyvalue.repository.query,SpelQueryCreatorUnitTests,isNullAssertedProperlyWhenAttributeIsNotNull,3,1,0,105,1,,
spring-projects_spring-data-keyvalue,org.springframework.data.keyvalue.repository.query,SpelQueryCreatorUnitTests,isNotNullFalseTrueWhenAttributeIsNull,3,1,0,110,1,,
spring-projects_spring-data-keyvalue,org.springframework.data.keyvalue.repository.query,SpelQueryCreatorUnitTests,isNotNullReturnsTrueAttributeIsNotNull,3,1,0,115,1,,
spring-projects_spring-data-keyvalue,org.springframework.data.keyvalue.repository.query,SpelQueryCreatorUnitTests,startsWithReturnsTrueWhenMatching,3,1,0,120,1,,
spring-projects_spring-data-keyvalue,org.springframework.data.keyvalue.repository.query,SpelQueryCreatorUnitTests,startsWithReturnsFalseWhenNotMatching,3,1,0,125,1,,
spring-projects_spring-data-keyvalue,org.springframework.data.keyvalue.repository.query,SpelQueryCreatorUnitTests,likeReturnsTrueWhenMatching,3,1,0,130,1,,
spring-projects_spring-data-keyvalue,org.springframework.data.keyvalue.repository.query,SpelQueryCreatorUnitTests,likeReturnsFalseWhenNotMatching,3,1,0,135,1,,
spring-projects_spring-data-keyvalue,org.springframework.data.keyvalue.repository.query,SpelQueryCreatorUnitTests,endsWithReturnsTrueWhenMatching,3,1,0,140,1,,
spring-projects_spring-data-keyvalue,org.springframework.data.keyvalue.repository.query,SpelQueryCreatorUnitTests,endsWithReturnsFalseWhenNotMatching,3,1,0,145,1,,
spring-projects_spring-data-keyvalue,org.springframework.data.keyvalue.repository.query,SpelQueryCreatorUnitTests,startsWithIgnoreCaseReturnsTrueWhenMatching,3,1,0,150,1,,
spring-projects_spring-data-keyvalue,org.springframework.data.keyvalue.repository.query,SpelQueryCreatorUnitTests,greaterThanReturnsTrueForHigherValues,3,1,0,156,1,,
spring-projects_spring-data-keyvalue,org.springframework.data.keyvalue.repository.query,SpelQueryCreatorUnitTests,greaterThanReturnsFalseForLowerValues,3,1,0,161,1,,
spring-projects_spring-data-keyvalue,org.springframework.data.keyvalue.repository.query,SpelQueryCreatorUnitTests,afterReturnsTrueForHigherValues,3,1,0,166,1,,
spring-projects_spring-data-keyvalue,org.springframework.data.keyvalue.repository.query,SpelQueryCreatorUnitTests,afterReturnsFalseForLowerValues,3,1,0,171,1,,
spring-projects_spring-data-keyvalue,org.springframework.data.keyvalue.repository.query,SpelQueryCreatorUnitTests,greaterThanEaualsReturnsTrueForHigherValues,3,1,0,176,1,,
spring-projects_spring-data-keyvalue,org.springframework.data.keyvalue.repository.query,SpelQueryCreatorUnitTests,greaterThanEqualsReturnsTrueForEqualValues,3,1,0,181,1,,
spring-projects_spring-data-keyvalue,org.springframework.data.keyvalue.repository.query,SpelQueryCreatorUnitTests,greaterThanEqualsReturnsFalseForLowerValues,3,1,0,186,1,,
spring-projects_spring-data-keyvalue,org.springframework.data.keyvalue.repository.query,SpelQueryCreatorUnitTests,lessThanReturnsTrueForHigherValues,3,1,0,191,1,,
spring-projects_spring-data-keyvalue,org.springframework.data.keyvalue.repository.query,SpelQueryCreatorUnitTests,lessThanReturnsFalseForLowerValues,3,1,0,196,1,,
spring-projects_spring-data-keyvalue,org.springframework.data.keyvalue.repository.query,SpelQueryCreatorUnitTests,beforeReturnsTrueForLowerValues,3,1,0,201,1,,
spring-projects_spring-data-keyvalue,org.springframework.data.keyvalue.repository.query,SpelQueryCreatorUnitTests,beforeReturnsFalseForHigherValues,3,1,0,206,1,,
spring-projects_spring-data-keyvalue,org.springframework.data.keyvalue.repository.query,SpelQueryCreatorUnitTests,lessThanEaualsReturnsTrueForHigherValues,3,1,0,211,1,,
spring-projects_spring-data-keyvalue,org.springframework.data.keyvalue.repository.query,SpelQueryCreatorUnitTests,lessThanEaualsReturnsTrueForEqualValues,3,1,0,216,1,,
spring-projects_spring-data-keyvalue,org.springframework.data.keyvalue.repository.query,SpelQueryCreatorUnitTests,lessThanEqualsReturnsFalseForLowerValues,3,1,0,221,1,,
spring-projects_spring-data-keyvalue,org.springframework.data.keyvalue.repository.query,SpelQueryCreatorUnitTests,betweenEqualsReturnsTrueForValuesInBetween,3,1,0,226,1,,
spring-projects_spring-data-keyvalue,org.springframework.data.keyvalue.repository.query,SpelQueryCreatorUnitTests,betweenEqualsReturnsFalseForHigherValues,3,1,0,231,1,,
spring-projects_spring-data-keyvalue,org.springframework.data.keyvalue.repository.query,SpelQueryCreatorUnitTests,betweenEqualsReturnsFalseForLowerValues,3,1,0,236,1,,
spring-projects_spring-data-keyvalue,org.springframework.data.keyvalue.repository.query,SpelQueryCreatorUnitTests,connectByAndReturnsTrueWhenAllPropertiesMatching,3,1,0,241,1,,
spring-projects_spring-data-keyvalue,org.springframework.data.keyvalue.repository.query,SpelQueryCreatorUnitTests,connectByAndReturnsFalseWhenOnlyFewPropertiesMatch,3,1,0,246,1,,
spring-projects_spring-data-keyvalue,org.springframework.data.keyvalue.repository.query,SpelQueryCreatorUnitTests,connectByOrReturnsTrueWhenOnlyFewPropertiesMatch,3,1,0,251,1,,
spring-projects_spring-data-keyvalue,org.springframework.data.keyvalue.repository.query,SpelQueryCreatorUnitTests,connectByOrReturnsTrueWhenAllPropertiesMatch,3,1,0,256,1,,
spring-projects_spring-data-keyvalue,org.springframework.data.keyvalue.repository.query,SpelQueryCreatorUnitTests,regexReturnsTrueWhenMatching,3,1,0,261,1,,
spring-projects_spring-data-keyvalue,org.springframework.data.keyvalue.repository.query,SpelQueryCreatorUnitTests,regexReturnsFalseWhenNotMatching,3,1,0,266,1,,
spring-projects_spring-data-keyvalue,org.springframework.data.keyvalue.repository.query,SpelQueryCreatorUnitTests,inReturnsMatchCorrectly,5,1,0,271,1,,
spring-projects_spring-data-keyvalue,org.springframework.data.keyvalue.repository.query,SpelQueryCreatorUnitTests,inNotMatchingReturnsCorrectly,5,1,0,280,1,,
spring-projects_spring-data-keyvalue,org.springframework.data.keyvalue.repository.query,SpelQueryCreatorUnitTests,inWithNullCompareValuesCorrectly,5,1,0,289,1,,
spring-projects_spring-data-keyvalue,org.springframework.data.keyvalue.repository.query,SpelQueryCreatorUnitTests,inWithNullSourceValuesMatchesCorrectly,5,1,0,298,1,,
spring-projects_spring-data-keyvalue,org.springframework.data.keyvalue.repository.query,SpelQueryCreatorUnitTests,inMatchesNullValuesCorrectly,5,1,0,307,1,,
spring-projects_spring-data-keyvalue,org.springframework.data.keyvalue.repository.query,SpelQueryCreatorUnitTests,noDerivedQueryArgumentsMatchesAlways,4,1,0,316,1,,
spring-projects_spring-data-keyvalue,org.springframework.data.keyvalue.repository.query,SpelQueryCreatorUnitTests,evaluate,3,1,2,323,0,,
spring-projects_spring-data-keyvalue,org.springframework.data.keyvalue.repository.query,SpelQueryCreatorUnitTests,createQueryForMethodWithArgs,16,3,2,328,0,,
spring-projects_spring-data-keyvalue,org.springframework.data.keyvalue.repository.support,QuerydslKeyValuePredicateExecutor,QuerydslKeyValuePredicateExecutor,3,1,2,78,0,,
spring-projects_spring-data-keyvalue,org.springframework.data.keyvalue.repository.support,QuerydslKeyValuePredicateExecutor,QuerydslKeyValuePredicateExecutor,12,1,4,88,0,,
spring-projects_spring-data-keyvalue,org.springframework.data.keyvalue.repository.support,QuerydslKeyValuePredicateExecutor,findOne,9,1,1,114,0,org.springframework.data.keyvalue.repository.support.QuerydslKeyValuePredicateExecutor,org.springframework.data.keyvalue.repository.support.QuerydslKeyValuePredicateExecutor
spring-projects_spring-data-keyvalue,org.springframework.data.keyvalue.repository.support,QuerydslKeyValuePredicateExecutor,findAll,4,1,1,126,0,org.springframework.data.keyvalue.repository.support.QuerydslKeyValuePredicateExecutor,org.springframework.data.keyvalue.repository.support.QuerydslKeyValuePredicateExecutor
spring-projects_spring-data-keyvalue,org.springframework.data.keyvalue.repository.support,QuerydslKeyValuePredicateExecutor,findAll,7,1,2,134,0,org.springframework.data.keyvalue.repository.support.QuerydslKeyValuePredicateExecutor,org.springframework.data.keyvalue.repository.support.QuerydslKeyValuePredicateExecutor
spring-projects_spring-data-keyvalue,org.springframework.data.keyvalue.repository.support,QuerydslKeyValuePredicateExecutor,findAll,5,1,2,146,0,,
spring-projects_spring-data-keyvalue,org.springframework.data.keyvalue.repository.support,QuerydslKeyValuePredicateExecutor,findAll,13,3,2,155,0,org.springframework.data.keyvalue.repository.support.QuerydslKeyValuePredicateExecutor,org.springframework.data.keyvalue.repository.support.QuerydslKeyValuePredicateExecutor
spring-projects_spring-data-keyvalue,org.springframework.data.keyvalue.repository.support,QuerydslKeyValuePredicateExecutor,findAll,9,2,1,176,0,org.springframework.data.keyvalue.repository.support.QuerydslKeyValuePredicateExecutor,org.springframework.data.keyvalue.repository.support.QuerydslKeyValuePredicateExecutor
spring-projects_spring-data-keyvalue,org.springframework.data.keyvalue.repository.support,QuerydslKeyValuePredicateExecutor,count,4,1,1,191,0,org.springframework.data.keyvalue.repository.support.QuerydslKeyValuePredicateExecutor,org.springframework.data.keyvalue.repository.support.QuerydslKeyValuePredicateExecutor
spring-projects_spring-data-keyvalue,org.springframework.data.keyvalue.repository.support,QuerydslKeyValuePredicateExecutor,exists,4,1,1,199,0,org.springframework.data.keyvalue.repository.support.QuerydslKeyValuePredicateExecutor,org.springframework.data.keyvalue.repository.support.QuerydslKeyValuePredicateExecutor
spring-projects_spring-data-keyvalue,org.springframework.data.keyvalue.repository.support,QuerydslKeyValuePredicateExecutor,findBy,5,1,2,207,0,,
spring-projects_spring-data-keyvalue,org.springframework.data.keyvalue.repository.support,QuerydslKeyValuePredicateExecutor,prepareQuery,5,1,1,218,0,,
spring-projects_spring-data-keyvalue,org.springframework.data.keyvalue.repository.support,SimpleKeyValueRepository,SimpleKeyValueRepository,6,1,2,47,0,,
spring-projects_spring-data-keyvalue,org.springframework.data.keyvalue.repository.support,SimpleKeyValueRepository,save,7,2,1,67,0,,
spring-projects_spring-data-keyvalue,org.springframework.data.keyvalue.repository.support,SimpleKeyValueRepository,saveAll,8,2,1,79,0,org.springframework.data.keyvalue.repository.support.SimpleKeyValueRepository,org.springframework.data.keyvalue.repository.support.SimpleKeyValueRepository
spring-projects_spring-data-keyvalue,org.springframework.data.keyvalue.repository.support,SimpleKeyValueRepository,findById,4,1,1,93,0,,
spring-projects_spring-data-keyvalue,org.springframework.data.keyvalue.repository.support,SimpleKeyValueRepository,existsById,3,1,1,101,0,org.springframework.data.keyvalue.repository.support.SimpleKeyValueRepository,org.springframework.data.keyvalue.repository.support.SimpleKeyValueRepository
spring-projects_spring-data-keyvalue,org.springframework.data.keyvalue.repository.support,SimpleKeyValueRepository,findAll,3,1,0,106,0,,
spring-projects_spring-data-keyvalue,org.springframework.data.keyvalue.repository.support,SimpleKeyValueRepository,findAllById,6,1,1,111,0,org.springframework.data.keyvalue.repository.support.SimpleKeyValueRepository,org.springframework.data.keyvalue.repository.support.SimpleKeyValueRepository
spring-projects_spring-data-keyvalue,org.springframework.data.keyvalue.repository.support,SimpleKeyValueRepository,count,3,1,0,123,0,,
spring-projects_spring-data-keyvalue,org.springframework.data.keyvalue.repository.support,SimpleKeyValueRepository,deleteById,4,1,1,128,0,,
spring-projects_spring-data-keyvalue,org.springframework.data.keyvalue.repository.support,SimpleKeyValueRepository,delete,4,1,1,136,0,,
spring-projects_spring-data-keyvalue,org.springframework.data.keyvalue.repository.support,SimpleKeyValueRepository,deleteAllById,4,1,1,144,0,,
spring-projects_spring-data-keyvalue,org.springframework.data.keyvalue.repository.support,SimpleKeyValueRepository,deleteAll,4,1,1,152,0,,
spring-projects_spring-data-keyvalue,org.springframework.data.keyvalue.repository.support,SimpleKeyValueRepository,deleteAll,3,1,0,160,0,,
spring-projects_spring-data-keyvalue,org.springframework.data.keyvalue.repository.support,SimpleKeyValueRepository,findAll,4,1,1,169,0,,
spring-projects_spring-data-keyvalue,org.springframework.data.keyvalue.repository.support,SimpleKeyValueRepository,findAll,9,2,1,177,0,org.springframework.data.keyvalue.repository.support.SimpleKeyValueRepository,org.springframework.data.keyvalue.repository.support.SimpleKeyValueRepository
spring-projects_spring-data-keyvalue,org.springframework.data.keyvalue.repository.support,KeyValueRepositoryFactory,KeyValueRepositoryFactory,3,1,1,68,0,,
spring-projects_spring-data-keyvalue,org.springframework.data.keyvalue.repository.support,KeyValueRepositoryFactory,KeyValueRepositoryFactory,3,1,2,77,0,,
spring-projects_spring-data-keyvalue,org.springframework.data.keyvalue.repository.support,KeyValueRepositoryFactory,KeyValueRepositoryFactory,9,1,3,90,0,,
spring-projects_spring-data-keyvalue,org.springframework.data.keyvalue.repository.support,KeyValueRepositoryFactory,getEntityInformation,4,1,1,112,0,,
spring-projects_spring-data-keyvalue,org.springframework.data.keyvalue.repository.support,KeyValueRepositoryFactory,getTargetRepository,4,1,1,121,0,,
spring-projects_spring-data-keyvalue,org.springframework.data.keyvalue.repository.support,KeyValueRepositoryFactory,getRepositoryBaseClass,3,1,1,128,0,,
spring-projects_spring-data-keyvalue,org.springframework.data.keyvalue.repository.support,KeyValueRepositoryFactory,getRepositoryFragments,3,1,1,133,0,org.springframework.data.keyvalue.repository.support.KeyValueRepositoryFactory,org.springframework.data.keyvalue.repository.support.KeyValueRepositoryFactory
spring-projects_spring-data-keyvalue,org.springframework.data.keyvalue.repository.support,KeyValueRepositoryFactory,getRepositoryFragments,9,3,2,138,0,org.springframework.data.keyvalue.repository.support.KeyValueRepositoryFactory,org.springframework.data.keyvalue.repository.support.KeyValueRepositoryFactory
spring-projects_spring-data-keyvalue,org.springframework.data.keyvalue.repository.support,KeyValueRepositoryFactory,isQueryDslRepository,3,1,1,166,0,,
spring-projects_spring-data-keyvalue,org.springframework.data.keyvalue.repository.support,KeyValueRepositoryFactory,getQueryLookupStrategy,3,1,2,176,0,,
spring-projects_spring-data-keyvalue,org.springframework.data.keyvalue.repository.support,QuerydslKeyValueRepository,QuerydslKeyValueRepository,3,1,2,55,0,,
spring-projects_spring-data-keyvalue,org.springframework.data.keyvalue.repository.support,QuerydslKeyValueRepository,QuerydslKeyValueRepository,5,1,3,66,0,,
spring-projects_spring-data-keyvalue,org.springframework.data.keyvalue.repository.support,QuerydslKeyValueRepository,findOne,3,1,1,85,0,,
spring-projects_spring-data-keyvalue,org.springframework.data.keyvalue.repository.support,QuerydslKeyValueRepository,findAll,3,1,1,90,0,,
spring-projects_spring-data-keyvalue,org.springframework.data.keyvalue.repository.support,QuerydslKeyValueRepository,findAll,3,1,2,95,0,,
spring-projects_spring-data-keyvalue,org.springframework.data.keyvalue.repository.support,QuerydslKeyValueRepository,findAll,3,1,2,100,0,,
spring-projects_spring-data-keyvalue,org.springframework.data.keyvalue.repository.support,QuerydslKeyValueRepository,findAll,3,1,2,105,0,,
spring-projects_spring-data-keyvalue,org.springframework.data.keyvalue.repository.support,QuerydslKeyValueRepository,findAll,3,1,1,110,0,,
spring-projects_spring-data-keyvalue,org.springframework.data.keyvalue.repository.support,QuerydslKeyValueRepository,count,3,1,1,115,0,,
spring-projects_spring-data-keyvalue,org.springframework.data.keyvalue.repository.support,QuerydslKeyValueRepository,exists,3,1,1,120,0,,
spring-projects_spring-data-keyvalue,org.springframework.data.keyvalue.repository.support,QuerydslKeyValueRepository,findBy,3,1,2,125,0,,
spring-projects_spring-data-keyvalue,org.springframework.data.keyvalue.repository.support,KeyValueRepositoryFactoryBean,KeyValueRepositoryFactoryBean,3,1,1,44,0,,
spring-projects_spring-data-keyvalue,org.springframework.data.keyvalue.repository.support,KeyValueRepositoryFactoryBean,setKeyValueOperations,4,1,1,53,0,,
spring-projects_spring-data-keyvalue,org.springframework.data.keyvalue.repository.support,KeyValueRepositoryFactoryBean,setMappingContext,3,1,1,65,0,,
spring-projects_spring-data-keyvalue,org.springframework.data.keyvalue.repository.support,KeyValueRepositoryFactoryBean,setQueryCreator,4,1,1,70,0,,
spring-projects_spring-data-keyvalue,org.springframework.data.keyvalue.repository.support,KeyValueRepositoryFactoryBean,setQueryType,4,1,1,82,0,,
spring-projects_spring-data-keyvalue,org.springframework.data.keyvalue.repository.support,KeyValueRepositoryFactoryBean,createRepositoryFactory,3,1,0,96,0,org.springframework.data.keyvalue.repository.support.KeyValueRepositoryFactoryBean,org.springframework.data.keyvalue.repository.support.KeyValueRepositoryFactoryBean
spring-projects_spring-data-keyvalue,org.springframework.data.keyvalue.repository.support,KeyValueRepositoryFactoryBean,createRepositoryFactory,3,1,3,101,0,,
spring-projects_spring-data-keyvalue,org.springframework.data.keyvalue.repository.support,KeyValueRepositoryFactoryBean,afterPropertiesSet,6,1,0,116,0,,
spring-projects_spring-data-keyvalue,org.springframework.data.keyvalue.repository.support,KeyValueQuerydslUtils,KeyValueQuerydslUtils,2,1,0,44,0,,
spring-projects_spring-data-keyvalue,org.springframework.data.keyvalue.repository.support,KeyValueQuerydslUtils,toOrderSpecifier,15,3,2,48,0,org.springframework.data.keyvalue.repository.support.KeyValueQuerydslUtils,org.springframework.data.keyvalue.repository.support.KeyValueQuerydslUtils
spring-projects_spring-data-keyvalue,org.springframework.data.keyvalue.repository.support,KeyValueQuerydslUtils,toOrderSpecifier,3,1,2,75,0,org.springframework.data.keyvalue.repository.support.KeyValueQuerydslUtils,org.springframework.data.keyvalue.repository.support.KeyValueQuerydslUtils
spring-projects_spring-data-keyvalue,org.springframework.data.keyvalue.repository.support,KeyValueQuerydslUtils,buildOrderPropertyPathFrom,16,3,2,82,0,,
spring-projects_spring-data-keyvalue,org.springframework.data.keyvalue.repository.support,KeyValueQuerydslUtils,toQueryDslNullHandling,0,4,1,112,0,,
spring-projects_spring-data-keyvalue,org.springframework.data.keyvalue.repository.support,KeyValueRepositoryFactoryBeanUnitTests,setUp,3,1,0,40,0,,
spring-projects_spring-data-keyvalue,org.springframework.data.keyvalue.repository.support,KeyValueRepositoryFactoryBeanUnitTests,rejectsNullKeyValueOperations,3,1,0,46,1,,
spring-projects_spring-data-keyvalue,org.springframework.data.keyvalue.repository.support,KeyValueRepositoryFactoryBeanUnitTests,rejectsNullQueryCreator,3,1,0,51,1,,
spring-projects_spring-data-keyvalue,org.springframework.data.keyvalue.repository.support,KeyValueRepositoryFactoryBeanUnitTests,rejectsUninitializedInstance,3,1,0,56,1,,
spring-projects_spring-data-keyvalue,org.springframework.data.keyvalue.repository.support,KeyValueRepositoryFactoryBeanUnitTests,rejectsInstanceWithoutKeyValueOperations,5,1,0,61,1,,
spring-projects_spring-data-keyvalue,org.springframework.data.keyvalue.repository.support,KeyValueRepositoryFactoryBeanUnitTests,rejectsInstanceWithoutQueryCreator,4,1,0,73,1,,
spring-projects_spring-data-keyvalue,org.springframework.data.keyvalue.repository.support,KeyValueRepositoryFactoryBeanUnitTests,createsRepositoryFactory,8,1,0,80,1,,
spring-projects_spring-data-keyvalue,org.springframework.data.keyvalue.repository.support,KeyValueRepositoryFactoryBeanUnitTests,rejectsNullQueryType,3,1,0,95,1,,
spring-projects_spring-data-keyvalue,org.springframework.data.keyvalue.repository.support,KeyValueQuerydslUtilsUnitTests,setUp,4,1,0,47,0,,
spring-projects_spring-data-keyvalue,org.springframework.data.keyvalue.repository.support,KeyValueQuerydslUtilsUnitTests,toOrderSpecifierThrowsExceptioOnNullPathBuilder,3,1,0,54,1,,
spring-projects_spring-data-keyvalue,org.springframework.data.keyvalue.repository.support,KeyValueQuerydslUtilsUnitTests,toOrderSpecifierReturnsEmptyArrayWhenSortIsUnsorted,3,1,0,59,1,,
spring-projects_spring-data-keyvalue,org.springframework.data.keyvalue.repository.support,KeyValueQuerydslUtilsUnitTests,toOrderSpecifierConvertsSimpleAscSortCorrectly,5,1,0,64,1,,
spring-projects_spring-data-keyvalue,org.springframework.data.keyvalue.repository.support,KeyValueQuerydslUtilsUnitTests,toOrderSpecifierConvertsSimpleDescSortCorrectly,5,1,0,74,1,,
spring-projects_spring-data-keyvalue,org.springframework.data.keyvalue.repository.support,KeyValueQuerydslUtilsUnitTests,toOrderSpecifierConvertsSortCorrectlyAndRetainsArgumentOrder,5,1,0,84,1,,
spring-projects_spring-data-keyvalue,org.springframework.data.keyvalue.repository.support,KeyValueQuerydslUtilsUnitTests,toOrderSpecifierConvertsSortWithNullHandlingCorrectly,5,1,0,94,1,,
spring-projects_spring-data-keyvalue,org.springframework.data.keyvalue.aot,DataKeyValueRuntimeHints,registerHints,4,1,2,35,0,,
spring-projects_spring-data-keyvalue,org.springframework.data.keyvalue.core,SpelSortAccessor,SpelSortAccessor,4,1,1,39,0,,
spring-projects_spring-data-keyvalue,org.springframework.data.keyvalue.core,SpelSortAccessor,resolve,23,6,1,50,0,,
spring-projects_spring-data-keyvalue,org.springframework.data.keyvalue.core,AbstractKeyValueAdapter,AbstractKeyValueAdapter,3,1,0,34,0,,
spring-projects_spring-data-keyvalue,org.springframework.data.keyvalue.core,AbstractKeyValueAdapter,AbstractKeyValueAdapter,4,1,1,41,0,,
spring-projects_spring-data-keyvalue,org.springframework.data.keyvalue.core,AbstractKeyValueAdapter,getQueryEngine,3,1,0,52,0,,
spring-projects_spring-data-keyvalue,org.springframework.data.keyvalue.core,AbstractKeyValueAdapter,get,3,1,3,61,0,org.springframework.data.keyvalue.core.AbstractKeyValueAdapter,org.springframework.data.keyvalue.core.AbstractKeyValueAdapter
spring-projects_spring-data-keyvalue,org.springframework.data.keyvalue.core,AbstractKeyValueAdapter,delete,3,1,3,67,0,org.springframework.data.keyvalue.core.AbstractKeyValueAdapter,org.springframework.data.keyvalue.core.AbstractKeyValueAdapter
spring-projects_spring-data-keyvalue,org.springframework.data.keyvalue.core,AbstractKeyValueAdapter,find,3,1,3,73,0,,
spring-projects_spring-data-keyvalue,org.springframework.data.keyvalue.core,AbstractKeyValueAdapter,find,3,1,2,78,0,,
spring-projects_spring-data-keyvalue,org.springframework.data.keyvalue.core,AbstractKeyValueAdapter,count,3,1,2,83,0,,
spring-projects_spring-data-keyvalue,org.springframework.data.keyvalue.core,QueryEngine,QueryEngine,4,1,2,40,0,,
spring-projects_spring-data-keyvalue,org.springframework.data.keyvalue.core,QueryEngine,execute,5,1,2,46,0,org.springframework.data.keyvalue.core.QueryEngine,org.springframework.data.keyvalue.core.QueryEngine
spring-projects_spring-data-keyvalue,org.springframework.data.keyvalue.core,QueryEngine,execute,5,1,3,61,0,,
spring-projects_spring-data-keyvalue,org.springframework.data.keyvalue.core,QueryEngine,count,4,1,2,76,0,,
spring-projects_spring-data-keyvalue,org.springframework.data.keyvalue.core,QueryEngine,execute,0,1,5,89,0,,
spring-projects_spring-data-keyvalue,org.springframework.data.keyvalue.core,QueryEngine,execute,3,1,6,100,0,org.springframework.data.keyvalue.core.QueryEngine,org.springframework.data.keyvalue.core.QueryEngine
spring-projects_spring-data-keyvalue,org.springframework.data.keyvalue.core,QueryEngine,count,0,1,2,116,0,,
spring-projects_spring-data-keyvalue,org.springframework.data.keyvalue.core,QueryEngine,getAdapter,3,1,0,123,0,,
spring-projects_spring-data-keyvalue,org.springframework.data.keyvalue.core,QueryEngine,getRequiredAdapter,7,2,0,133,0,org.springframework.data.keyvalue.core.QueryEngine,org.springframework.data.keyvalue.core.QueryEngine
spring-projects_spring-data-keyvalue,org.springframework.data.keyvalue.core,QueryEngine,registerAdapter,8,2,1,150,0,,
spring-projects_spring-data-keyvalue,org.springframework.data.keyvalue.core,IdentifierGenerator,generateIdentifierOfType,0,1,1,28,0,,
spring-projects_spring-data-keyvalue,org.springframework.data.keyvalue.core,KeyValueAdapter,put,0,1,3,35,0,,
spring-projects_spring-data-keyvalue,org.springframework.data.keyvalue.core,KeyValueAdapter,contains,0,1,2,44,0,,
spring-projects_spring-data-keyvalue,org.springframework.data.keyvalue.core,KeyValueAdapter,get,0,1,2,53,0,,
spring-projects_spring-data-keyvalue,org.springframework.data.keyvalue.core,KeyValueAdapter,get,0,1,3,63,0,,
spring-projects_spring-data-keyvalue,org.springframework.data.keyvalue.core,KeyValueAdapter,delete,0,1,2,75,0,,
spring-projects_spring-data-keyvalue,org.springframework.data.keyvalue.core,KeyValueAdapter,delete,0,1,3,85,0,,
spring-projects_spring-data-keyvalue,org.springframework.data.keyvalue.core,KeyValueAdapter,getAllOf,0,1,1,97,0,,
spring-projects_spring-data-keyvalue,org.springframework.data.keyvalue.core,KeyValueAdapter,getAllOf,3,1,2,105,0,org.springframework.data.keyvalue.core.KeyValueAdapter,org.springframework.data.keyvalue.core.KeyValueAdapter
spring-projects_spring-data-keyvalue,org.springframework.data.keyvalue.core,KeyValueAdapter,entries,0,1,1,118,0,,
spring-projects_spring-data-keyvalue,org.springframework.data.keyvalue.core,KeyValueAdapter,entries,3,1,2,126,0,org.springframework.data.keyvalue.core.KeyValueAdapter,org.springframework.data.keyvalue.core.KeyValueAdapter
spring-projects_spring-data-keyvalue,org.springframework.data.keyvalue.core,KeyValueAdapter,deleteAllOf,0,1,1,139,0,,
spring-projects_spring-data-keyvalue,org.springframework.data.keyvalue.core,KeyValueAdapter,clear,0,1,0,146,0,,
spring-projects_spring-data-keyvalue,org.springframework.data.keyvalue.core,KeyValueAdapter,find,3,1,2,151,0,,
spring-projects_spring-data-keyvalue,org.springframework.data.keyvalue.core,KeyValueAdapter,find,0,1,3,162,0,,
spring-projects_spring-data-keyvalue,org.springframework.data.keyvalue.core,KeyValueAdapter,count,0,1,1,171,0,,
spring-projects_spring-data-keyvalue,org.springframework.data.keyvalue.core,KeyValueAdapter,count,0,1,2,179,0,,
spring-projects_spring-data-keyvalue,org.springframework.data.keyvalue.core,KeyValueAdapter,exists,3,1,2,188,0,org.springframework.data.keyvalue.core.KeyValueAdapter,org.springframework.data.keyvalue.core.KeyValueAdapter
spring-projects_spring-data-keyvalue,org.springframework.data.keyvalue.core,KeyValueOperations,insert,0,1,1,35,0,,
spring-projects_spring-data-keyvalue,org.springframework.data.keyvalue.core,KeyValueOperations,insert,0,1,2,43,0,,
spring-projects_spring-data-keyvalue,org.springframework.data.keyvalue.core,KeyValueOperations,findAll,0,1,1,52,0,,
spring-projects_spring-data-keyvalue,org.springframework.data.keyvalue.core,KeyValueOperations,findAll,0,1,2,61,0,,
spring-projects_spring-data-keyvalue,org.springframework.data.keyvalue.core,KeyValueOperations,findById,0,1,2,71,0,,
spring-projects_spring-data-keyvalue,org.springframework.data.keyvalue.core,KeyValueOperations,execute,0,1,1,81,0,,
spring-projects_spring-data-keyvalue,org.springframework.data.keyvalue.core,KeyValueOperations,find,0,1,2,90,0,,
spring-projects_spring-data-keyvalue,org.springframework.data.keyvalue.core,KeyValueOperations,findInRange,0,1,3,100,0,,
spring-projects_spring-data-keyvalue,org.springframework.data.keyvalue.core,KeyValueOperations,findInRange,0,1,4,111,0,,
spring-projects_spring-data-keyvalue,org.springframework.data.keyvalue.core,KeyValueOperations,update,0,1,1,123,0,,
spring-projects_spring-data-keyvalue,org.springframework.data.keyvalue.core,KeyValueOperations,update,0,1,2,129,0,,
spring-projects_spring-data-keyvalue,org.springframework.data.keyvalue.core,KeyValueOperations,delete,0,1,1,136,0,,
spring-projects_spring-data-keyvalue,org.springframework.data.keyvalue.core,KeyValueOperations,delete,0,1,1,144,0,,
spring-projects_spring-data-keyvalue,org.springframework.data.keyvalue.core,KeyValueOperations,delete,0,1,2,151,0,,
spring-projects_spring-data-keyvalue,org.springframework.data.keyvalue.core,KeyValueOperations,count,0,1,1,161,0,,
spring-projects_spring-data-keyvalue,org.springframework.data.keyvalue.core,KeyValueOperations,count,0,1,2,170,0,,
spring-projects_spring-data-keyvalue,org.springframework.data.keyvalue.core,KeyValueOperations,exists,0,1,2,180,0,,
spring-projects_spring-data-keyvalue,org.springframework.data.keyvalue.core,KeyValueOperations,getMappingContext,0,1,0,190,0,,
spring-projects_spring-data-keyvalue,org.springframework.data.keyvalue.core,KeyValueCallback,doInKeyValue,0,1,1,30,0,,
spring-projects_spring-data-keyvalue,org.springframework.data.keyvalue.core,SpelPropertyComparator,SpelPropertyComparator,6,1,2,42,0,,
spring-projects_spring-data-keyvalue,org.springframework.data.keyvalue.core,SpelPropertyComparator,asc,4,1,0,57,0,,
spring-projects_spring-data-keyvalue,org.springframework.data.keyvalue.core,SpelPropertyComparator,desc,4,1,0,67,0,,
spring-projects_spring-data-keyvalue,org.springframework.data.keyvalue.core,SpelPropertyComparator,nullsFirst,4,1,0,77,0,,
spring-projects_spring-data-keyvalue,org.springframework.data.keyvalue.core,SpelPropertyComparator,nullsLast,4,1,0,87,0,,
spring-projects_spring-data-keyvalue,org.springframework.data.keyvalue.core,SpelPropertyComparator,getExpression,6,2,0,97,0,org.springframework.data.keyvalue.core.SpelPropertyComparator,org.springframework.data.keyvalue.core.SpelPropertyComparator
spring-projects_spring-data-keyvalue,org.springframework.data.keyvalue.core,SpelPropertyComparator,buildExpressionForPath,4,1,0,111,0,,
spring-projects_spring-data-keyvalue,org.springframework.data.keyvalue.core,SpelPropertyComparator,compare,6,1,2,125,0,org.springframework.data.keyvalue.core.SpelPropertyComparator,org.springframework.data.keyvalue.core.SpelPropertyComparator
spring-projects_spring-data-keyvalue,org.springframework.data.keyvalue.core,SpelPropertyComparator,getPath,3,1,0,136,0,,
spring-projects_spring-data-keyvalue,org.springframework.data.keyvalue.core,SortAccessor,resolve,0,1,1,32,0,,
spring-projects_spring-data-keyvalue,org.springframework.data.keyvalue.core,SpelQueryEngine,SpelQueryEngine,3,1,0,43,0,,
spring-projects_spring-data-keyvalue,org.springframework.data.keyvalue.core,SpelQueryEngine,execute,3,1,5,50,0,org.springframework.data.keyvalue.core.SpelQueryEngine,org.springframework.data.keyvalue.core.SpelQueryEngine
spring-projects_spring-data-keyvalue,org.springframework.data.keyvalue.core,SpelQueryEngine,count,3,1,2,56,0,,
spring-projects_spring-data-keyvalue,org.springframework.data.keyvalue.core,SpelQueryEngine,sortAndFilterMatchingRange,7,2,5,62,0,,
spring-projects_spring-data-keyvalue,org.springframework.data.keyvalue.core,SpelQueryEngine,filterMatchingRange,13,4,4,74,0,org.springframework.data.keyvalue.core.SpelQueryEngine,org.springframework.data.keyvalue.core.SpelQueryEngine
spring-projects_spring-data-keyvalue,org.springframework.data.keyvalue.core,SpelQueryEngine,evaluateExpression,9,1,2,92,0,,
spring-projects_spring-data-keyvalue,org.springframework.data.keyvalue.core,ForwardingCloseableIterator,ForwardingCloseableIterator,3,1,1,37,0,,
spring-projects_spring-data-keyvalue,org.springframework.data.keyvalue.core,ForwardingCloseableIterator,ForwardingCloseableIterator,5,1,2,46,0,,
spring-projects_spring-data-keyvalue,org.springframework.data.keyvalue.core,ForwardingCloseableIterator,hasNext,3,1,0,61,0,,
spring-projects_spring-data-keyvalue,org.springframework.data.keyvalue.core,ForwardingCloseableIterator,next,3,1,0,66,0,,
spring-projects_spring-data-keyvalue,org.springframework.data.keyvalue.core,ForwardingCloseableIterator,close,5,2,0,71,0,,
spring-projects_spring-data-keyvalue,org.springframework.data.keyvalue.core,KeyValueTemplate,KeyValueTemplate,3,1,1,66,0,,
spring-projects_spring-data-keyvalue,org.springframework.data.keyvalue.core,KeyValueTemplate,KeyValueTemplate,3,1,2,76,0,,
spring-projects_spring-data-keyvalue,org.springframework.data.keyvalue.core,KeyValueTemplate,KeyValueTemplate,8,1,3,87,0,,
spring-projects_spring-data-keyvalue,org.springframework.data.keyvalue.core,KeyValueTemplate,setExceptionTranslator,4,1,1,108,0,,
spring-projects_spring-data-keyvalue,org.springframework.data.keyvalue.core,KeyValueTemplate,setEventTypesToPublish,9,2,1,119,0,,
spring-projects_spring-data-keyvalue,org.springframework.data.keyvalue.core,KeyValueTemplate,setApplicationEventPublisher,3,1,1,135,0,,
spring-projects_spring-data-keyvalue,org.springframework.data.keyvalue.core,KeyValueTemplate,insert,6,1,1,140,0,org.springframework.data.keyvalue.core.KeyValueTemplate,org.springframework.data.keyvalue.core.KeyValueTemplate
spring-projects_spring-data-keyvalue,org.springframework.data.keyvalue.core,KeyValueTemplate,insert,16,2,2,152,0,org.springframework.data.keyvalue.core.KeyValueTemplate,org.springframework.data.keyvalue.core.KeyValueTemplate
spring-projects_spring-data-keyvalue,org.springframework.data.keyvalue.core,KeyValueTemplate,update,7,2,1,178,0,org.springframework.data.keyvalue.core.KeyValueTemplate,org.springframework.data.keyvalue.core.KeyValueTemplate
spring-projects_spring-data-keyvalue,org.springframework.data.keyvalue.core,KeyValueTemplate,update,9,1,2,191,0,org.springframework.data.keyvalue.core.KeyValueTemplate,org.springframework.data.keyvalue.core.KeyValueTemplate
spring-projects_spring-data-keyvalue,org.springframework.data.keyvalue.core,KeyValueTemplate,findAll,14,3,1,209,0,org.springframework.data.keyvalue.core.KeyValueTemplate,org.springframework.data.keyvalue.core.KeyValueTemplate
spring-projects_spring-data-keyvalue,org.springframework.data.keyvalue.core,KeyValueTemplate,findById,16,2,2,229,0,org.springframework.data.keyvalue.core.KeyValueTemplate,org.springframework.data.keyvalue.core.KeyValueTemplate
spring-projects_spring-data-keyvalue,org.springframework.data.keyvalue.core,KeyValueTemplate,delete,11,1,1,255,0,org.springframework.data.keyvalue.core.KeyValueTemplate,org.springframework.data.keyvalue.core.KeyValueTemplate
spring-projects_spring-data-keyvalue,org.springframework.data.keyvalue.core,KeyValueTemplate,delete,5,1,1,273,0,org.springframework.data.keyvalue.core.KeyValueTemplate,org.springframework.data.keyvalue.core.KeyValueTemplate
spring-projects_spring-data-keyvalue,org.springframework.data.keyvalue.core,KeyValueTemplate,delete,9,1,2,283,0,org.springframework.data.keyvalue.core.KeyValueTemplate,org.springframework.data.keyvalue.core.KeyValueTemplate
spring-projects_spring-data-keyvalue,org.springframework.data.keyvalue.core,KeyValueTemplate,count,4,1,1,300,0,org.springframework.data.keyvalue.core.KeyValueTemplate,org.springframework.data.keyvalue.core.KeyValueTemplate
spring-projects_spring-data-keyvalue,org.springframework.data.keyvalue.core,KeyValueTemplate,execute,9,1,1,307,0,org.springframework.data.keyvalue.core.KeyValueTemplate,org.springframework.data.keyvalue.core.KeyValueTemplate
spring-projects_spring-data-keyvalue,org.springframework.data.keyvalue.core,KeyValueTemplate,executeRequired,7,2,1,320,0,,
spring-projects_spring-data-keyvalue,org.springframework.data.keyvalue.core,KeyValueTemplate,find,13,3,2,338,0,org.springframework.data.keyvalue.core.KeyValueTemplate,org.springframework.data.keyvalue.core.KeyValueTemplate
spring-projects_spring-data-keyvalue,org.springframework.data.keyvalue.core,KeyValueTemplate,findAll,3,1,2,357,0,org.springframework.data.keyvalue.core.KeyValueTemplate,org.springframework.data.keyvalue.core.KeyValueTemplate
spring-projects_spring-data-keyvalue,org.springframework.data.keyvalue.core,KeyValueTemplate,findInRange,3,1,3,363,0,,
spring-projects_spring-data-keyvalue,org.springframework.data.keyvalue.core,KeyValueTemplate,findInRange,3,1,4,369,0,,
spring-projects_spring-data-keyvalue,org.springframework.data.keyvalue.core,KeyValueTemplate,count,3,1,2,375,0,org.springframework.data.keyvalue.core.KeyValueTemplate,org.springframework.data.keyvalue.core.KeyValueTemplate
spring-projects_spring-data-keyvalue,org.springframework.data.keyvalue.core,KeyValueTemplate,exists,3,1,2,380,0,org.springframework.data.keyvalue.core.KeyValueTemplate,org.springframework.data.keyvalue.core.KeyValueTemplate
spring-projects_spring-data-keyvalue,org.springframework.data.keyvalue.core,KeyValueTemplate,getMappingContext,3,1,0,385,0,,
spring-projects_spring-data-keyvalue,org.springframework.data.keyvalue.core,KeyValueTemplate,destroy,3,1,0,390,0,,
spring-projects_spring-data-keyvalue,org.springframework.data.keyvalue.core,KeyValueTemplate,getKeyValuePersistentEntity,3,1,1,395,0,,
spring-projects_spring-data-keyvalue,org.springframework.data.keyvalue.core,KeyValueTemplate,resolveKeySpace,3,1,1,399,0,,
spring-projects_spring-data-keyvalue,org.springframework.data.keyvalue.core,KeyValueTemplate,resolveExceptionIfPossible,4,1,1,403,0,,
spring-projects_spring-data-keyvalue,org.springframework.data.keyvalue.core,KeyValueTemplate,potentiallyPublishEvent,8,3,1,409,0,,
spring-projects_spring-data-keyvalue,org.springframework.data.keyvalue.core,KeyValueTemplate,typeCheck,3,1,2,421,0,,
spring-projects_spring-data-keyvalue,org.springframework.data.keyvalue.core,SpelCriteria,SpelCriteria,3,1,1,35,0,,
spring-projects_spring-data-keyvalue,org.springframework.data.keyvalue.core,SpelCriteria,SpelCriteria,6,1,2,44,0,,
spring-projects_spring-data-keyvalue,org.springframework.data.keyvalue.core,SpelCriteria,getContext,3,1,0,59,0,,
spring-projects_spring-data-keyvalue,org.springframework.data.keyvalue.core,SpelCriteria,getExpression,3,1,0,66,0,,
spring-projects_spring-data-keyvalue,org.springframework.data.keyvalue.core,IterableConverter,IterableConverter,2,1,0,31,0,,
spring-projects_spring-data-keyvalue,org.springframework.data.keyvalue.core,IterableConverter,toList,13,4,1,33,0,,
spring-projects_spring-data-keyvalue,org.springframework.data.keyvalue.core,SpelCriteriaAccessor,SpelCriteriaAccessor,4,1,1,33,0,,
spring-projects_spring-data-keyvalue,org.springframework.data.keyvalue.core,SpelCriteriaAccessor,resolve,15,5,1,45,0,,
spring-projects_spring-data-keyvalue,org.springframework.data.keyvalue.core,UncategorizedKeyValueException,UncategorizedKeyValueException,3,1,2,31,0,,
spring-projects_spring-data-keyvalue,org.springframework.data.keyvalue.core,CriteriaAccessor,resolve,0,1,1,30,0,,
spring-projects_spring-data-keyvalue,org.springframework.data.keyvalue.core,KeyValuePersistenceExceptionTranslator,translateExceptionIfPossible,13,4,1,35,0,,
spring-projects_spring-data-keyvalue,org.springframework.data.keyvalue.core,GeneratingIdAccessor,GeneratingIdAccessor,8,1,3,37,0,,
spring-projects_spring-data-keyvalue,org.springframework.data.keyvalue.core,GeneratingIdAccessor,getIdentifier,3,1,0,57,0,,
spring-projects_spring-data-keyvalue,org.springframework.data.keyvalue.core,GeneratingIdAccessor,getOrGenerateIdentifier,9,2,0,62,0,org.springframework.data.keyvalue.core.GeneratingIdAccessor,org.springframework.data.keyvalue.core.GeneratingIdAccessor
spring-projects_spring-data-keyvalue,org.springframework.data.keyvalue.core,SpelPropertyComperatorUnitTests,shouldCompareStringAscCorrectly,4,1,0,41,1,,
spring-projects_spring-data-keyvalue,org.springframework.data.keyvalue.core,SpelPropertyComperatorUnitTests,shouldCompareStringDescCorrectly,4,1,0,48,1,,
spring-projects_spring-data-keyvalue,org.springframework.data.keyvalue.core,SpelPropertyComperatorUnitTests,shouldCompareIntegerAscCorrectly,4,1,0,55,1,,
spring-projects_spring-data-keyvalue,org.springframework.data.keyvalue.core,SpelPropertyComperatorUnitTests,shouldCompareIntegerDescCorrectly,4,1,0,62,1,,
spring-projects_spring-data-keyvalue,org.springframework.data.keyvalue.core,SpelPropertyComperatorUnitTests,shouldComparePrimitiveIntegerAscCorrectly,4,1,0,69,1,,
spring-projects_spring-data-keyvalue,org.springframework.data.keyvalue.core,SpelPropertyComperatorUnitTests,shouldNotFailOnNullValues,4,1,0,77,1,,
spring-projects_spring-data-keyvalue,org.springframework.data.keyvalue.core,SpelPropertyComperatorUnitTests,shouldComparePrimitiveIntegerDescCorrectly,4,1,0,84,1,,
spring-projects_spring-data-keyvalue,org.springframework.data.keyvalue.core,SpelPropertyComperatorUnitTests,shouldSortNullsFirstCorrectly,4,1,0,92,1,,
spring-projects_spring-data-keyvalue,org.springframework.data.keyvalue.core,SpelPropertyComperatorUnitTests,shouldSortNullsLastCorrectly,4,1,0,98,1,,
spring-projects_spring-data-keyvalue,org.springframework.data.keyvalue.core,SpelPropertyComperatorUnitTests,shouldCompareNestedTypesCorrectly,4,1,0,105,1,,
spring-projects_spring-data-keyvalue,org.springframework.data.keyvalue.core,SpelPropertyComperatorUnitTests,shouldCompareNestedTypesCorrectlyWhenOneOfThemHasNullValue,4,1,0,113,1,,
spring-projects_spring-data-keyvalue,org.springframework.data.keyvalue.core,KeyValueTemplateTests,setUp,3,1,0,59,0,,
spring-projects_spring-data-keyvalue,org.springframework.data.keyvalue.core,KeyValueTemplateTests,tearDown,3,1,0,64,0,,
spring-projects_spring-data-keyvalue,org.springframework.data.keyvalue.core,KeyValueTemplateTests,insertShouldNotThorwErrorWhenExecutedHavingNonExistingIdAndNonNullValue,3,1,0,69,1,,
spring-projects_spring-data-keyvalue,org.springframework.data.keyvalue.core,KeyValueTemplateTests,insertShouldThrowExceptionForNullId,3,1,0,74,1,,
spring-projects_spring-data-keyvalue,org.springframework.data.keyvalue.core,KeyValueTemplateTests,insertShouldThrowExceptionForNullObject,3,1,0,79,1,,
spring-projects_spring-data-keyvalue,org.springframework.data.keyvalue.core,KeyValueTemplateTests,insertShouldThrowExecptionWhenObjectOfSameTypeAlreadyExists,4,1,0,84,1,,
spring-projects_spring-data-keyvalue,org.springframework.data.keyvalue.core,KeyValueTemplateTests,insertShouldWorkCorrectlyWhenObjectsOfDifferentTypesWithSameIdAreInserted,4,1,0,92,1,,
spring-projects_spring-data-keyvalue,org.springframework.data.keyvalue.core,KeyValueTemplateTests,createShouldReturnSameInstanceGenerateId,5,1,0,99,1,,
spring-projects_spring-data-keyvalue,org.springframework.data.keyvalue.core,KeyValueTemplateTests,createShouldRespectExistingId,6,1,0,108,1,,
spring-projects_spring-data-keyvalue,org.springframework.data.keyvalue.core,KeyValueTemplateTests,findByIdShouldReturnObjectWithMatchingIdAndType,4,1,0,119,1,,
spring-projects_spring-data-keyvalue,org.springframework.data.keyvalue.core,KeyValueTemplateTests,findByIdSouldReturnOptionalEmptyIfNoMatchingIdFound,4,1,0,126,1,,
spring-projects_spring-data-keyvalue,org.springframework.data.keyvalue.core,KeyValueTemplateTests,findByIdShouldReturnOptionalEmptyIfNoMatchingTypeFound,4,1,0,133,1,,
spring-projects_spring-data-keyvalue,org.springframework.data.keyvalue.core,KeyValueTemplateTests,findShouldExecuteQueryCorrectly,7,1,0,140,1,,
spring-projects_spring-data-keyvalue,org.springframework.data.keyvalue.core,KeyValueTemplateTests,readShouldReturnEmptyCollectionIfOffsetOutOfRange,6,1,0,151,1,,
spring-projects_spring-data-keyvalue,org.springframework.data.keyvalue.core,KeyValueTemplateTests,updateShouldReplaceExistingObject,5,1,0,161,1,,
spring-projects_spring-data-keyvalue,org.springframework.data.keyvalue.core,KeyValueTemplateTests,updateShouldRespectTypeInformation,5,1,0,169,1,,
spring-projects_spring-data-keyvalue,org.springframework.data.keyvalue.core,KeyValueTemplateTests,deleteShouldRemoveObjectCorrectly,5,1,0,178,1,,
spring-projects_spring-data-keyvalue,org.springframework.data.keyvalue.core,KeyValueTemplateTests,deleteReturnsNullWhenNotExisting,4,1,0,186,1,,
spring-projects_spring-data-keyvalue,org.springframework.data.keyvalue.core,KeyValueTemplateTests,deleteReturnsRemovedObject,4,1,0,193,1,,
spring-projects_spring-data-keyvalue,org.springframework.data.keyvalue.core,KeyValueTemplateTests,deleteThrowsExceptionWhenIdCannotBeExctracted,3,1,0,200,1,,
spring-projects_spring-data-keyvalue,org.springframework.data.keyvalue.core,KeyValueTemplateTests,countShouldReturnZeroWhenNoElementsPresent,3,1,0,205,1,,
spring-projects_spring-data-keyvalue,org.springframework.data.keyvalue.core,KeyValueTemplateTests,insertShouldRespectTypeAlias,5,1,0,210,1,,
spring-projects_spring-data-keyvalue,org.springframework.data.keyvalue.core,SpelQueryEngineUnitTests,setUp,4,1,0,62,0,,
spring-projects_spring-data-keyvalue,org.springframework.data.keyvalue.core,SpelQueryEngineUnitTests,queriesEntitiesWithNullProperty,5,1,0,69,1,,
spring-projects_spring-data-keyvalue,org.springframework.data.keyvalue.core,SpelQueryEngineUnitTests,countsEntitiesWithNullProperty,4,1,0,80,1,,
spring-projects_spring-data-keyvalue,org.springframework.data.keyvalue.core,SpelQueryEngineUnitTests,createQueryForMethodWithArgs,13,2,2,88,0,,
spring-projects_spring-data-keyvalue,org.springframework.data.keyvalue.core,KeyValuePersistenceExceptionTranslatorUnitTests,translateExeptionShouldReturnDataAccessExceptionWhenGivenOne,3,1,0,34,1,,
spring-projects_spring-data-keyvalue,org.springframework.data.keyvalue.core,KeyValuePersistenceExceptionTranslatorUnitTests,translateExeptionShouldReturnNullWhenGivenNull,3,1,0,40,1,,
spring-projects_spring-data-keyvalue,org.springframework.data.keyvalue.core,KeyValuePersistenceExceptionTranslatorUnitTests,translateExeptionShouldTranslateNoSuchElementExceptionToDataRetrievalFailureException,3,1,0,46,1,,
spring-projects_spring-data-keyvalue,org.springframework.data.keyvalue.core,KeyValuePersistenceExceptionTranslatorUnitTests,translateExeptionShouldTranslateIndexOutOfBoundsExceptionToDataRetrievalFailureException,3,1,0,52,1,,
spring-projects_spring-data-keyvalue,org.springframework.data.keyvalue.core,KeyValuePersistenceExceptionTranslatorUnitTests,translateExeptionShouldTranslateIllegalStateExceptionToDataRetrievalFailureException,3,1,0,58,1,,
spring-projects_spring-data-keyvalue,org.springframework.data.keyvalue.core,KeyValuePersistenceExceptionTranslatorUnitTests,translateExeptionShouldTranslateAnyJavaExceptionToUncategorizedKeyValueException,3,1,0,64,1,,
spring-projects_spring-data-keyvalue,org.springframework.data.keyvalue.core,KeyValuePersistenceExceptionTranslatorUnitTests,translateExeptionShouldReturnNullForNonJavaExceptions,3,1,0,70,1,,
spring-projects_spring-data-keyvalue,org.springframework.data.keyvalue.core,IterableConverterUnitTests,toListShouldReturnEmptyListWhenSourceEmpty,3,1,0,36,1,,
spring-projects_spring-data-keyvalue,org.springframework.data.keyvalue.core,IterableConverterUnitTests,toListShouldReturnSameObjectWhenSourceIsAlreadyListType,4,1,0,41,1,,
spring-projects_spring-data-keyvalue,org.springframework.data.keyvalue.core,IterableConverterUnitTests,toListShouldReturnListWhenSourceIsNonListType,5,1,0,49,1,,
spring-projects_spring-data-keyvalue,org.springframework.data.keyvalue.core,IterableConverterUnitTests,toListShouldHoldValuesInOrderOfSource,6,1,0,58,1,,
spring-projects_spring-data-keyvalue,org.springframework.data.keyvalue.core,KeyValueTemplateUnitTests,setUp,4,1,0,78,0,,
spring-projects_spring-data-keyvalue,org.springframework.data.keyvalue.core,KeyValueTemplateUnitTests,shouldThrowExceptionWhenCreatingNewTempateWithNullAdapter,3,1,0,84,1,,
spring-projects_spring-data-keyvalue,org.springframework.data.keyvalue.core,KeyValueTemplateUnitTests,shouldThrowExceptionWhenCreatingNewTempateWithNullMappingContext,3,1,0,89,1,,
spring-projects_spring-data-keyvalue,org.springframework.data.keyvalue.core,KeyValueTemplateUnitTests,insertShouldLookUpValuesBeforeInserting,4,1,0,94,1,,
spring-projects_spring-data-keyvalue,org.springframework.data.keyvalue.core,KeyValueTemplateUnitTests,insertShouldInsertUseClassNameAsDefaultKeyspace,4,1,0,102,1,,
spring-projects_spring-data-keyvalue,org.springframework.data.keyvalue.core,KeyValueTemplateUnitTests,insertShouldReturnInsertedObject,5,1,0,110,1,,
spring-projects_spring-data-keyvalue,org.springframework.data.keyvalue.core,KeyValueTemplateUnitTests,insertShouldThrowExceptionWhenObectWithIdAlreadyExists,4,1,0,119,1,,
spring-projects_spring-data-keyvalue,org.springframework.data.keyvalue.core,KeyValueTemplateUnitTests,insertShouldThrowExceptionForNullId,3,1,0,127,1,,
spring-projects_spring-data-keyvalue,org.springframework.data.keyvalue.core,KeyValueTemplateUnitTests,insertShouldThrowExceptionForNullObject,3,1,0,132,1,,
spring-projects_spring-data-keyvalue,org.springframework.data.keyvalue.core,KeyValueTemplateUnitTests,insertShouldGenerateId,4,1,0,137,1,,
spring-projects_spring-data-keyvalue,org.springframework.data.keyvalue.core,KeyValueTemplateUnitTests,insertShouldThrowErrorWhenIdCannotBeResolved,3,1,0,145,1,,
spring-projects_spring-data-keyvalue,org.springframework.data.keyvalue.core,KeyValueTemplateUnitTests,insertShouldReturnSameInstanceGenerateId,5,1,0,150,1,,
spring-projects_spring-data-keyvalue,org.springframework.data.keyvalue.core,KeyValueTemplateUnitTests,insertShouldRespectExistingId,6,1,0,159,1,,
spring-projects_spring-data-keyvalue,org.springframework.data.keyvalue.core,KeyValueTemplateUnitTests,findByIdShouldReturnOptionalEmptyWhenNoElementsPresent,3,1,0,170,1,,
spring-projects_spring-data-keyvalue,org.springframework.data.keyvalue.core,KeyValueTemplateUnitTests,findByIdShouldReturnObjectWithMatchingIdAndType,4,1,0,175,1,,
spring-projects_spring-data-keyvalue,org.springframework.data.keyvalue.core,KeyValueTemplateUnitTests,findByIdShouldThrowExceptionWhenGivenNullId,3,1,0,183,1,,
spring-projects_spring-data-keyvalue,org.springframework.data.keyvalue.core,KeyValueTemplateUnitTests,findAllOfShouldReturnEntireCollection,4,1,0,188,1,,
spring-projects_spring-data-keyvalue,org.springframework.data.keyvalue.core,KeyValueTemplateUnitTests,findAllOfShouldThrowExceptionWhenGivenNullType,3,1,0,196,1,,
spring-projects_spring-data-keyvalue,org.springframework.data.keyvalue.core,KeyValueTemplateUnitTests,findShouldCallFindOnAdapterToResolveMatching,4,1,0,201,1,,
spring-projects_spring-data-keyvalue,org.springframework.data.keyvalue.core,KeyValueTemplateUnitTests,findInRangeShouldRespectOffset,8,1,0,209,1,,
spring-projects_spring-data-keyvalue,org.springframework.data.keyvalue.core,KeyValueTemplateUnitTests,updateShouldReplaceExistingObject,4,1,0,223,1,,
spring-projects_spring-data-keyvalue,org.springframework.data.keyvalue.core,KeyValueTemplateUnitTests,updateShouldReturnUpdatedObject,6,1,0,231,1,,
spring-projects_spring-data-keyvalue,org.springframework.data.keyvalue.core,KeyValueTemplateUnitTests,updateShouldThrowExceptionWhenGivenNullId,3,1,0,241,1,,
spring-projects_spring-data-keyvalue,org.springframework.data.keyvalue.core,KeyValueTemplateUnitTests,updateShouldThrowExceptionWhenGivenNullObject,3,1,0,246,1,,
spring-projects_spring-data-keyvalue,org.springframework.data.keyvalue.core,KeyValueTemplateUnitTests,updateShouldUseExtractedIdInformation,6,1,0,251,1,,
spring-projects_spring-data-keyvalue,org.springframework.data.keyvalue.core,KeyValueTemplateUnitTests,updateShouldThrowErrorWhenIdInformationCannotBeExtracted,3,1,0,262,1,,
spring-projects_spring-data-keyvalue,org.springframework.data.keyvalue.core,KeyValueTemplateUnitTests,deleteShouldRemoveObjectCorrectly,4,1,0,267,1,,
spring-projects_spring-data-keyvalue,org.springframework.data.keyvalue.core,KeyValueTemplateUnitTests,deleteRemovesObjectUsingExtractedId,6,1,0,275,1,,
spring-projects_spring-data-keyvalue,org.springframework.data.keyvalue.core,KeyValueTemplateUnitTests,deleteThrowsExceptionWhenIdCannotBeExctracted,3,1,0,286,1,,
spring-projects_spring-data-keyvalue,org.springframework.data.keyvalue.core,KeyValueTemplateUnitTests,countShouldReturnZeroWhenNoElementsPresent,3,1,0,291,1,,
spring-projects_spring-data-keyvalue,org.springframework.data.keyvalue.core,KeyValueTemplateUnitTests,countShouldReturnCollectionSize,4,1,0,296,1,,
spring-projects_spring-data-keyvalue,org.springframework.data.keyvalue.core,KeyValueTemplateUnitTests,countShouldThrowErrorOnNullType,3,1,0,304,1,,
spring-projects_spring-data-keyvalue,org.springframework.data.keyvalue.core,KeyValueTemplateUnitTests,insertShouldRespectTypeAlias,4,1,0,309,1,,
spring-projects_spring-data-keyvalue,org.springframework.data.keyvalue.core,KeyValueTemplateUnitTests,insertShouldRespectTypeAliasOnSubClass,4,1,0,317,1,,
spring-projects_spring-data-keyvalue,org.springframework.data.keyvalue.core,KeyValueTemplateUnitTests,findAllOfShouldRespectTypeAliasAndFilterNonMatchingTypes,5,1,0,325,1,,
spring-projects_spring-data-keyvalue,org.springframework.data.keyvalue.core,KeyValueTemplateUnitTests,insertSouldRespectTypeAliasAndFilterNonMatching,4,1,0,336,1,,
spring-projects_spring-data-keyvalue,org.springframework.data.keyvalue.core,KeyValueTemplateUnitTests,setttingNullPersistenceExceptionTranslatorShouldThrowException,3,1,0,343,1,,
spring-projects_spring-data-keyvalue,org.springframework.data.keyvalue.core,KeyValueTemplateUnitTests,shouldNotPublishEventWhenNoApplicationContextSet,5,1,0,348,1,,
spring-projects_spring-data-keyvalue,org.springframework.data.keyvalue.core,KeyValueTemplateUnitTests,shouldNotPublishEventsWhenEventsToPublishIsSetToNull,5,1,0,358,1,,
spring-projects_spring-data-keyvalue,org.springframework.data.keyvalue.core,KeyValueTemplateUnitTests,shouldNotPublishEventsWhenEventsToPublishIsSetToEmptyList,5,1,0,368,1,,
spring-projects_spring-data-keyvalue,org.springframework.data.keyvalue.core,KeyValueTemplateUnitTests,shouldPublishEventsByDefault,4,1,0,379,1,,
spring-projects_spring-data-keyvalue,org.springframework.data.keyvalue.core,KeyValueTemplateUnitTests,shouldNotPublishEventWhenNotExplicitlySetForPublication,5,1,0,387,1,,
spring-projects_spring-data-keyvalue,org.springframework.data.keyvalue.core,KeyValueTemplateUnitTests,shouldPublishBeforeInsertEventCorrectly,10,1,0,398,1,,
spring-projects_spring-data-keyvalue,org.springframework.data.keyvalue.core,KeyValueTemplateUnitTests,shouldPublishAfterInsertEventCorrectly,10,1,0,416,1,,
spring-projects_spring-data-keyvalue,org.springframework.data.keyvalue.core,KeyValueTemplateUnitTests,shouldPublishBeforeUpdateEventCorrectly,10,1,0,434,1,,
spring-projects_spring-data-keyvalue,org.springframework.data.keyvalue.core,KeyValueTemplateUnitTests,shouldPublishAfterUpdateEventCorrectly,10,1,0,452,1,,
spring-projects_spring-data-keyvalue,org.springframework.data.keyvalue.core,KeyValueTemplateUnitTests,shouldPublishBeforeDeleteEventCorrectly,9,1,0,470,1,,
spring-projects_spring-data-keyvalue,org.springframework.data.keyvalue.core,KeyValueTemplateUnitTests,shouldPublishAfterDeleteEventCorrectly,11,1,0,487,1,,
spring-projects_spring-data-keyvalue,org.springframework.data.keyvalue.core,KeyValueTemplateUnitTests,shouldPublishBeforeGetEventCorrectly,10,1,0,506,1,,
spring-projects_spring-data-keyvalue,org.springframework.data.keyvalue.core,KeyValueTemplateUnitTests,shouldPublishAfterGetEventCorrectly,11,1,0,525,1,,
spring-projects_spring-data-keyvalue,org.springframework.data.keyvalue.core,KeyValueTemplateUnitTests,shouldPublishDropKeyspaceEventCorrectly,8,1,0,545,1,,
spring-projects_spring-data-keyvalue,org.springframework.data.keyvalue.core,KeyValueTemplateUnitTests,insertShouldRespectTypeAliasUsingAliasFor,4,1,0,561,1,,
spring-projects_spring-data-keyvalue,org.springframework.data.keyvalue.core,KeyValueTemplateUnitTests,setEventsToPublish,3,1,1,569,0,,
spring-projects_spring-data-keyvalue,org.springframework.data.keyvalue.core,DefaultIdentifierGeneratorUnitTests,shouldThrowExceptionForUnsupportedType,3,1,0,35,1,,
spring-projects_spring-data-keyvalue,org.springframework.data.keyvalue.core,DefaultIdentifierGeneratorUnitTests,shouldGenerateUUIDValueCorrectly,4,1,0,41,1,,
spring-projects_spring-data-keyvalue,org.springframework.data.keyvalue.core,DefaultIdentifierGeneratorUnitTests,shouldGenerateStringValueCorrectly,4,1,0,49,1,,
spring-projects_spring-data-keyvalue,org.springframework.data.keyvalue.core,DefaultIdentifierGeneratorUnitTests,shouldGenerateLongValueCorrectly,4,1,0,57,1,,
spring-projects_spring-data-keyvalue,org.springframework.data.keyvalue.core,DefaultIdentifierGeneratorUnitTests,shouldGenerateIntValueCorrectly,4,1,0,65,1,,
spring-projects_spring-data-keyvalue,org.springframework.data.keyvalue.core,ForwardingCloseableIteratorUnitTests,hasNextShouldDelegateToWrappedIterator,11,1,0,44,1,,
spring-projects_spring-data-keyvalue,org.springframework.data.keyvalue.core,ForwardingCloseableIteratorUnitTests,nextShouldDelegateToWrappedIterator,11,1,0,59,1,,
spring-projects_spring-data-keyvalue,org.springframework.data.keyvalue.core,ForwardingCloseableIteratorUnitTests,nextShouldThrowErrorWhenWrappedIteratorHasNoMoreElements,10,1,0,75,1,,
spring-projects_spring-data-keyvalue,org.springframework.data.keyvalue.core,ForwardingCloseableIteratorUnitTests,closeShouldDoNothingByDefault,4,1,0,89,1,,
spring-projects_spring-data-keyvalue,org.springframework.data.keyvalue.core,ForwardingCloseableIteratorUnitTests,closeShouldInvokeConfiguredCloseAction,4,1,0,97,1,,
spring-projects_spring-data-keyvalue,org.springframework.data.keyvalue.core.event,KeyValueEvent,KeyValueEvent,4,1,2,38,0,,
spring-projects_spring-data-keyvalue,org.springframework.data.keyvalue.core.event,KeyValueEvent,getKeyspace,3,1,0,44,0,,
spring-projects_spring-data-keyvalue,org.springframework.data.keyvalue.core.event,KeyValueEvent,toString,3,1,0,51,0,,
spring-projects_spring-data-keyvalue,org.springframework.data.keyvalue.core.event,KeyValueEvent,beforeGet,3,1,3,56,0,,
spring-projects_spring-data-keyvalue,org.springframework.data.keyvalue.core.event,KeyValueEvent,afterGet,3,1,4,68,0,,
spring-projects_spring-data-keyvalue,org.springframework.data.keyvalue.core.event,KeyValueEvent,beforeInsert,3,1,4,81,0,,
spring-projects_spring-data-keyvalue,org.springframework.data.keyvalue.core.event,KeyValueEvent,afterInsert,3,1,4,94,0,,
spring-projects_spring-data-keyvalue,org.springframework.data.keyvalue.core.event,KeyValueEvent,beforeUpdate,3,1,4,107,0,,
spring-projects_spring-data-keyvalue,org.springframework.data.keyvalue.core.event,KeyValueEvent,afterUpdate,3,1,5,120,0,,
spring-projects_spring-data-keyvalue,org.springframework.data.keyvalue.core.event,KeyValueEvent,beforeDropKeySpace,3,1,2,135,0,,
spring-projects_spring-data-keyvalue,org.springframework.data.keyvalue.core.event,KeyValueEvent,afterDropKeySpace,3,1,2,146,0,,
spring-projects_spring-data-keyvalue,org.springframework.data.keyvalue.core.event,KeyValueEvent,beforeDelete,3,1,3,157,0,,
spring-projects_spring-data-keyvalue,org.springframework.data.keyvalue.core.event,KeyValueEvent,afterDelete,3,1,4,169,0,,
spring-projects_spring-data-keyvalue,org.springframework.data.keyvalue.core.mapping.context,KeyValueMappingContext,KeyValueMappingContext,3,1,0,44,0,,
spring-projects_spring-data-keyvalue,org.springframework.data.keyvalue.core.mapping.context,KeyValueMappingContext,setFallbackKeySpaceResolver,3,1,1,48,0,,
spring-projects_spring-data-keyvalue,org.springframework.data.keyvalue.core.mapping.context,KeyValueMappingContext,createPersistentEntity,3,1,1,57,0,,
spring-projects_spring-data-keyvalue,org.springframework.data.keyvalue.core.mapping.context,KeyValueMappingContext,createPersistentProperty,3,1,3,63,0,,
spring-projects_spring-data-keyvalue,org.springframework.data.keyvalue.core.mapping.context,KeyValueMappingContextUnitTests,shouldNotCreateEntitiesForJavaStandardTypes,6,1,0,36,1,,
spring-projects_spring-data-keyvalue,org.springframework.data.keyvalue.core.mapping,BasicKeyValuePersistentEntity,BasicKeyValuePersistentEntity,13,2,2,45,0,org.springframework.data.keyvalue.core.mapping.BasicKeyValuePersistentEntity,org.springframework.data.keyvalue.core.mapping.BasicKeyValuePersistentEntity
spring-projects_spring-data-keyvalue,org.springframework.data.keyvalue.core.mapping,BasicKeyValuePersistentEntity,detectExpression,4,1,1,68,0,,
spring-projects_spring-data-keyvalue,org.springframework.data.keyvalue.core.mapping,BasicKeyValuePersistentEntity,resolveKeyspace,3,1,2,82,0,,
spring-projects_spring-data-keyvalue,org.springframework.data.keyvalue.core.mapping,BasicKeyValuePersistentEntity,getKeySpace,3,1,0,88,0,,
spring-projects_spring-data-keyvalue,org.springframework.data.keyvalue.core.mapping,KeyValuePersistentProperty,KeyValuePersistentProperty,3,1,3,34,0,,
spring-projects_spring-data-keyvalue,org.springframework.data.keyvalue.core.mapping,KeyValuePersistentProperty,createAssociation,3,1,0,39,0,,
spring-projects_spring-data-keyvalue,org.springframework.data.keyvalue.core.mapping,KeyValuePersistentEntity,getKeySpace,0,1,0,28,0,,
spring-projects_spring-data-keyvalue,org.springframework.data.keyvalue.core.mapping,KeySpaceResolver,resolveKeySpace,0,1,1,29,0,,
spring-projects_spring-data-keyvalue,org.springframework.data.keyvalue.core.mapping,BasicKeyValuePersistentEntityUnitTests,shouldDeriveKeyspaceFromClassName,3,1,0,40,1,,
spring-projects_spring-data-keyvalue,org.springframework.data.keyvalue.core.mapping,BasicKeyValuePersistentEntityUnitTests,shouldEvaluateKeyspaceExpression,5,1,0,47,1,,
spring-projects_spring-data-keyvalue,org.springframework.data.keyvalue.core.mapping,BasicKeyValuePersistentEntityUnitTests,shouldEvaluateEntityWithoutKeyspace,5,1,0,57,1,,
spring-projects_spring-data-keyvalue,org.springframework.data.keyvalue.core.mapping,AnnotationBasedKeySpaceResolverUnitTests,setUp,3,1,0,45,0,,
spring-projects_spring-data-keyvalue,org.springframework.data.keyvalue.core.mapping,AnnotationBasedKeySpaceResolverUnitTests,shouldResolveKeySpaceDefaultValueCorrectly,3,1,0,50,1,,
spring-projects_spring-data-keyvalue,org.springframework.data.keyvalue.core.mapping,AnnotationBasedKeySpaceResolverUnitTests,shouldReturnNullWhenNoKeySpaceFoundOnComposedPersistentAnnotation,3,1,0,55,1,,
spring-projects_spring-data-keyvalue,org.springframework.data.keyvalue.core.mapping,AnnotationBasedKeySpaceResolverUnitTests,shouldReturnNullWhenPersistentIsFoundOnNonComposedAnnotation,3,1,0,60,1,,
spring-projects_spring-data-keyvalue,org.springframework.data.keyvalue.core.mapping,AnnotationBasedKeySpaceResolverUnitTests,shouldReturnNullWhenPersistentIsNotFound,3,1,0,65,1,,
spring-projects_spring-data-keyvalue,org.springframework.data.keyvalue.core.mapping,AnnotationBasedKeySpaceResolverUnitTests,shouldResolveInheritedKeySpaceCorrectly,3,1,0,70,1,,
spring-projects_spring-data-keyvalue,org.springframework.data.keyvalue.core.mapping,AnnotationBasedKeySpaceResolverUnitTests,shouldResolveDirectKeySpaceAnnotationCorrectly,3,1,0,75,1,,
spring-projects_spring-data-keyvalue,org.springframework.data.keyvalue.core.mapping,AnnotationBasedKeySpaceResolverUnitTests,shouldResolveKeySpaceUsingAliasForCorrectly,3,1,0,80,1,,
spring-projects_spring-data-keyvalue,org.springframework.data.keyvalue.core.mapping,AnnotationBasedKeySpaceResolverUnitTests,shouldResolveKeySpaceUsingAliasForCorrectlyOnSubClass,3,1,0,85,1,,
spring-projects_spring-data-keyvalue,org.springframework.data.keyvalue.core.query,KeyValueQuery,KeyValueQuery,3,1,0,35,0,,
spring-projects_spring-data-keyvalue,org.springframework.data.keyvalue.core.query,KeyValueQuery,KeyValueQuery,3,1,1,42,0,,
spring-projects_spring-data-keyvalue,org.springframework.data.keyvalue.core.query,KeyValueQuery,KeyValueQuery,4,1,2,51,0,org.springframework.data.keyvalue.core.query.KeyValueQuery,org.springframework.data.keyvalue.core.query.KeyValueQuery
spring-projects_spring-data-keyvalue,org.springframework.data.keyvalue.core.query,KeyValueQuery,KeyValueQuery,4,1,1,63,0,org.springframework.data.keyvalue.core.query.KeyValueQuery,org.springframework.data.keyvalue.core.query.KeyValueQuery
spring-projects_spring-data-keyvalue,org.springframework.data.keyvalue.core.query,KeyValueQuery,getCriteria,3,1,0,73,0,,
spring-projects_spring-data-keyvalue,org.springframework.data.keyvalue.core.query,KeyValueQuery,getSort,3,1,0,84,0,,
spring-projects_spring-data-keyvalue,org.springframework.data.keyvalue.core.query,KeyValueQuery,getOffset,3,1,0,93,0,,
spring-projects_spring-data-keyvalue,org.springframework.data.keyvalue.core.query,KeyValueQuery,getRows,3,1,0,102,0,,
spring-projects_spring-data-keyvalue,org.springframework.data.keyvalue.core.query,KeyValueQuery,setOffset,3,1,1,111,0,,
spring-projects_spring-data-keyvalue,org.springframework.data.keyvalue.core.query,KeyValueQuery,setRows,3,1,1,120,0,,
spring-projects_spring-data-keyvalue,org.springframework.data.keyvalue.core.query,KeyValueQuery,setSort,4,1,1,129,0,,
spring-projects_spring-data-keyvalue,org.springframework.data.keyvalue.core.query,KeyValueQuery,orderBy,10,2,1,141,0,,
spring-projects_spring-data-keyvalue,org.springframework.data.keyvalue.core.query,KeyValueQuery,skip,4,1,1,160,0,org.springframework.data.keyvalue.core.query.KeyValueQuery,org.springframework.data.keyvalue.core.query.KeyValueQuery
spring-projects_spring-data-keyvalue,org.springframework.data.keyvalue.core.query,KeyValueQuery,limit,4,1,1,172,0,org.springframework.data.keyvalue.core.query.KeyValueQuery,org.springframework.data.keyvalue.core.query.KeyValueQuery
spring-projects_spring-data-keyvalue,org.springframework.data.map.repository.config,MapRepositoryConfigurationExtension,getModuleName,3,1,0,35,0,,
spring-projects_spring-data-keyvalue,org.springframework.data.map.repository.config,MapRepositoryConfigurationExtension,getModulePrefix,3,1,0,40,0,,
spring-projects_spring-data-keyvalue,org.springframework.data.map.repository.config,MapRepositoryConfigurationExtension,getDefaultKeyValueTemplateRef,3,1,0,45,0,,
spring-projects_spring-data-keyvalue,org.springframework.data.map.repository.config,MapRepositoryConfigurationExtension,getDefaultKeyValueTemplateBeanDefinition,8,1,1,50,0,org.springframework.data.map.repository.config.MapRepositoryConfigurationExtension,org.springframework.data.map.repository.config.MapRepositoryConfigurationExtension
spring-projects_spring-data-keyvalue,org.springframework.data.map.repository.config,MapRepositoryConfigurationExtension,getMapTypeToUse,3,1,1,65,0,,
spring-projects_spring-data-keyvalue,org.springframework.data.map.repository.config,MapRepositoriesRegistrar,getAnnotation,3,1,0,30,0,,
spring-projects_spring-data-keyvalue,org.springframework.data.map.repository.config,MapRepositoriesRegistrar,getExtension,3,1,0,35,0,,
spring-projects_spring-data-keyvalue,org.springframework.data.map.repository.config,MapRepositoriesConfigurationExtensionIntegrationTests,registersDefaultTemplateIfReferenceNotCustomized,5,1,0,53,1,,
spring-projects_spring-data-keyvalue,org.springframework.data.map.repository.config,MapRepositoriesConfigurationExtensionIntegrationTests,doesNotRegisterDefaultTemplateIfReferenceIsCustomized,5,1,0,63,1,,
spring-projects_spring-data-keyvalue,org.springframework.data.map.repository.config,MapRepositoriesConfigurationExtensionIntegrationTests,shouldUseCustomAdapter,6,1,0,74,1,,
spring-projects_spring-data-keyvalue,org.springframework.data.map.repository.config,MapRepositoriesConfigurationExtensionIntegrationTests,considersMapTypeConfiguredOnAnnotation,3,1,0,87,1,,
spring-projects_spring-data-keyvalue,org.springframework.data.map.repository.config,MapRepositoriesConfigurationExtensionIntegrationTests,doesNotConsiderMapConfiguredIfTemplateIsPresent,3,1,0,93,1,,
spring-projects_spring-data-keyvalue,org.springframework.data.map.repository.config,MapRepositoriesConfigurationExtensionIntegrationTests,assertKeyValueTemplateWithAdapterFor,6,1,2,99,0,,
spring-projects_spring-data-keyvalue,org.springframework.data.map.repository.config,MapRepositoryRegistrarWithTemplateDefinitionIntegrationTests,shouldEnableMapRepositoryCorrectly,3,1,0,60,1,,
spring-projects_spring-data-keyvalue,org.springframework.data.map.repository.config,MapRepositoryRegistrarWithFullDefaultingIntegrationTests,shouldEnableMapRepositoryCorrectly,3,1,0,52,1,,
spring-projects_spring-data-keyvalue,org.springframework.data.map,MapKeyValueAdapter,MapKeyValueAdapter,3,1,0,45,0,,
spring-projects_spring-data-keyvalue,org.springframework.data.map,MapKeyValueAdapter,MapKeyValueAdapter,3,1,1,52,0,,
spring-projects_spring-data-keyvalue,org.springframework.data.map,MapKeyValueAdapter,MapKeyValueAdapter,3,1,1,62,0,,
spring-projects_spring-data-keyvalue,org.springframework.data.map,MapKeyValueAdapter,MapKeyValueAdapter,3,1,2,72,0,,
spring-projects_spring-data-keyvalue,org.springframework.data.map,MapKeyValueAdapter,MapKeyValueAdapter,3,1,1,84,0,,
spring-projects_spring-data-keyvalue,org.springframework.data.map,MapKeyValueAdapter,MapKeyValueAdapter,3,1,2,94,0,,
spring-projects_spring-data-keyvalue,org.springframework.data.map,MapKeyValueAdapter,MapKeyValueAdapter,7,1,3,106,0,,
spring-projects_spring-data-keyvalue,org.springframework.data.map,MapKeyValueAdapter,put,5,1,3,126,0,org.springframework.data.map.MapKeyValueAdapter,org.springframework.data.map.MapKeyValueAdapter
spring-projects_spring-data-keyvalue,org.springframework.data.map,MapKeyValueAdapter,contains,3,1,2,135,0,org.springframework.data.map.MapKeyValueAdapter,org.springframework.data.map.MapKeyValueAdapter
spring-projects_spring-data-keyvalue,org.springframework.data.map,MapKeyValueAdapter,count,3,1,1,140,0,org.springframework.data.map.MapKeyValueAdapter,org.springframework.data.map.MapKeyValueAdapter
spring-projects_spring-data-keyvalue,org.springframework.data.map,MapKeyValueAdapter,get,4,1,2,145,0,org.springframework.data.map.MapKeyValueAdapter,org.springframework.data.map.MapKeyValueAdapter
spring-projects_spring-data-keyvalue,org.springframework.data.map,MapKeyValueAdapter,delete,4,1,2,152,0,org.springframework.data.map.MapKeyValueAdapter,org.springframework.data.map.MapKeyValueAdapter
spring-projects_spring-data-keyvalue,org.springframework.data.map,MapKeyValueAdapter,getAllOf,3,1,1,159,0,org.springframework.data.map.MapKeyValueAdapter,org.springframework.data.map.MapKeyValueAdapter
spring-projects_spring-data-keyvalue,org.springframework.data.map,MapKeyValueAdapter,entries,3,1,1,164,0,org.springframework.data.map.MapKeyValueAdapter,org.springframework.data.map.MapKeyValueAdapter
spring-projects_spring-data-keyvalue,org.springframework.data.map,MapKeyValueAdapter,deleteAllOf,3,1,1,169,0,org.springframework.data.map.MapKeyValueAdapter,org.springframework.data.map.MapKeyValueAdapter
spring-projects_spring-data-keyvalue,org.springframework.data.map,MapKeyValueAdapter,clear,3,1,0,174,0,,
spring-projects_spring-data-keyvalue,org.springframework.data.map,MapKeyValueAdapter,destroy,3,1,0,179,0,org.springframework.data.map.MapKeyValueAdapter,org.springframework.data.map.MapKeyValueAdapter
spring-projects_spring-data-keyvalue,org.springframework.data.map,MapKeyValueAdapter,getKeySpaceMap,4,1,1,184,0,,
spring-projects_spring-data-keyvalue,org.springframework.data.map,QuerydslKeyValuePredicateExecutorUnitTests,setUp,3,1,0,54,0,,
spring-projects_spring-data-keyvalue,org.springframework.data.map,QuerydslKeyValuePredicateExecutorUnitTests,findOneIsExecutedCorrectly,4,1,0,59,1,,
spring-projects_spring-data-keyvalue,org.springframework.data.map,QuerydslKeyValuePredicateExecutorUnitTests,findAllIsExecutedCorrectly,4,1,0,66,1,,
spring-projects_spring-data-keyvalue,org.springframework.data.map,QuerydslKeyValuePredicateExecutorUnitTests,findWithPaginationWorksCorrectly,10,1,0,73,1,,
spring-projects_spring-data-keyvalue,org.springframework.data.map,QuerydslKeyValuePredicateExecutorUnitTests,findAllUsingOrderSpecifierWorksCorrectly,4,1,0,89,1,,
spring-projects_spring-data-keyvalue,org.springframework.data.map,QuerydslKeyValuePredicateExecutorUnitTests,findAllUsingPageableWithSortWorksCorrectly,4,1,0,98,1,,
spring-projects_spring-data-keyvalue,org.springframework.data.map,QuerydslKeyValuePredicateExecutorUnitTests,findAllUsingPagableWithQSortWorksCorrectly,4,1,0,107,1,,
spring-projects_spring-data-keyvalue,org.springframework.data.map,QuerydslKeyValuePredicateExecutorUnitTests,findAllWithOrderSpecifierWorksCorrectly,4,1,0,116,1,,
spring-projects_spring-data-keyvalue,org.springframework.data.map,QuerydslKeyValuePredicateExecutorUnitTests,findAllShouldRequireSort,3,1,0,124,1,,
spring-projects_spring-data-keyvalue,org.springframework.data.map,QuerydslKeyValuePredicateExecutorUnitTests,findAllShouldAllowUnsortedFindAll,4,1,0,129,1,,
spring-projects_spring-data-keyvalue,org.springframework.data.map,QuerydslKeyValuePredicateExecutorUnitTests,executesExistsCorrectly,3,1,0,137,1,,
spring-projects_spring-data-keyvalue,org.springframework.data.map,QuerydslKeyValuePredicateExecutorUnitTests,shouldSupportFindAllWithPredicateAndSort,7,1,0,142,1,,
spring-projects_spring-data-keyvalue,org.springframework.data.map,QuerydslKeyValuePredicateExecutorUnitTests,throwsExceptionIfMoreThanOneResultIsFound,3,1,0,154,1,,
spring-projects_spring-data-keyvalue,org.springframework.data.map,QuerydslKeyValuePredicateExecutorUnitTests,findByShouldReturnFirst,6,1,0,161,1,,
spring-projects_spring-data-keyvalue,org.springframework.data.map,QuerydslKeyValuePredicateExecutorUnitTests,findByShouldReturnOne,5,1,0,174,1,,
spring-projects_spring-data-keyvalue,org.springframework.data.map,QuerydslKeyValuePredicateExecutorUnitTests,findByShouldReturnFirstWithProjection,6,1,0,185,1,,
spring-projects_spring-data-keyvalue,org.springframework.data.map,QuerydslKeyValuePredicateExecutorUnitTests,findByShouldReturnOneWithProjection,6,1,0,196,1,,
spring-projects_spring-data-keyvalue,org.springframework.data.map,QuerydslKeyValuePredicateExecutorUnitTests,findByShouldReturnAll,4,1,0,207,1,,
spring-projects_spring-data-keyvalue,org.springframework.data.map,QuerydslKeyValuePredicateExecutorUnitTests,findByShouldReturnAllSorted,6,1,0,215,1,,
spring-projects_spring-data-keyvalue,org.springframework.data.map,QuerydslKeyValuePredicateExecutorUnitTests,findByShouldReturnAllWithProjection,4,1,0,229,1,,
spring-projects_spring-data-keyvalue,org.springframework.data.map,QuerydslKeyValuePredicateExecutorUnitTests,findByShouldReturnPage,8,1,0,238,1,,
spring-projects_spring-data-keyvalue,org.springframework.data.map,QuerydslKeyValuePredicateExecutorUnitTests,findByShouldReturnStream,4,1,0,254,1,,
spring-projects_spring-data-keyvalue,org.springframework.data.map,QuerydslKeyValuePredicateExecutorUnitTests,findByShouldReturnStreamWithProjection,4,1,0,262,1,,
spring-projects_spring-data-keyvalue,org.springframework.data.map,QuerydslKeyValuePredicateExecutorUnitTests,findByShouldReturnCount,4,1,0,271,1,,
spring-projects_spring-data-keyvalue,org.springframework.data.map,QuerydslKeyValuePredicateExecutorUnitTests,findByShouldReturnExists,6,1,0,279,1,,
spring-projects_spring-data-keyvalue,org.springframework.data.map,QuerydslKeyValuePredicateExecutorUnitTests,getRepository,3,1,1,299,0,,
spring-projects_spring-data-keyvalue,org.springframework.data.map,SimpleKeyValueRepositoryUnitTests,getRepository,3,1,1,30,0,,
spring-projects_spring-data-keyvalue,org.springframework.data.map,CachingQuerySimpleKeyValueRepositoryUnitTests,createKeyValueRepositoryFactory,3,1,1,33,0,,
spring-projects_spring-data-keyvalue,org.springframework.data.map,AbstractRepositoryUnitTests,setup,5,1,0,60,0,,
spring-projects_spring-data-keyvalue,org.springframework.data.map,AbstractRepositoryUnitTests,findBy,4,1,0,69,1,,
spring-projects_spring-data-keyvalue,org.springframework.data.map,AbstractRepositoryUnitTests,findByFirstname,5,1,0,77,1,,
spring-projects_spring-data-keyvalue,org.springframework.data.map,AbstractRepositoryUnitTests,combindedFindUsingAnd,5,1,0,86,1,,
spring-projects_spring-data-keyvalue,org.springframework.data.map,AbstractRepositoryUnitTests,findPage,11,1,0,95,1,,
spring-projects_spring-data-keyvalue,org.springframework.data.map,AbstractRepositoryUnitTests,findByConnectingOr,4,1,0,111,1,,
spring-projects_spring-data-keyvalue,org.springframework.data.map,AbstractRepositoryUnitTests,singleEntityExecution,5,1,0,119,1,,
spring-projects_spring-data-keyvalue,org.springframework.data.map,AbstractRepositoryUnitTests,findAllShouldRespectSort,4,1,0,128,1,,
spring-projects_spring-data-keyvalue,org.springframework.data.map,AbstractRepositoryUnitTests,derivedFinderShouldRespectSort,5,1,0,138,1,,
spring-projects_spring-data-keyvalue,org.springframework.data.map,AbstractRepositoryUnitTests,projectsResultToInterface,6,1,0,148,1,,
spring-projects_spring-data-keyvalue,org.springframework.data.map,AbstractRepositoryUnitTests,projectsResultToDynamicInterface,6,1,0,159,1,,
spring-projects_spring-data-keyvalue,org.springframework.data.map,AbstractRepositoryUnitTests,findsByValueInCollectionCorrectly,6,1,0,170,1,,
spring-projects_spring-data-keyvalue,org.springframework.data.map,AbstractRepositoryUnitTests,findsByValueInCollectionCorrectlyWhenTargetPathContainsNullValue,7,1,0,181,1,,
spring-projects_spring-data-keyvalue,org.springframework.data.map,AbstractRepositoryUnitTests,findsByValueInCollectionCorrectlyWhenTargetPathAndCollectionContainNullValue,8,1,0,193,1,,
spring-projects_spring-data-keyvalue,org.springframework.data.map,AbstractRepositoryUnitTests,createKeyValueRepositoryFactory,3,1,1,208,0,,
spring-projects_spring-data-keyvalue,org.springframework.data.map,AbstractRepositoryUnitTests,getRepository,0,1,1,212,0,,
spring-projects_spring-data-keyvalue,org.springframework.data.map,MapKeyValueAdapterUnitTests,setUp,3,1,0,44,0,,
spring-projects_spring-data-keyvalue,org.springframework.data.map,MapKeyValueAdapterUnitTests,putShouldThrowExceptionWhenAddingNullId,3,1,0,49,1,,
spring-projects_spring-data-keyvalue,org.springframework.data.map,MapKeyValueAdapterUnitTests,putShouldThrowExceptionWhenCollectionIsNullValue,3,1,0,54,1,,
spring-projects_spring-data-keyvalue,org.springframework.data.map,MapKeyValueAdapterUnitTests,putReturnsNullWhenNoObjectForIdPresent,3,1,0,59,1,,
spring-projects_spring-data-keyvalue,org.springframework.data.map,MapKeyValueAdapterUnitTests,putShouldReturnPreviousObjectForIdWhenAddingNewOneWithSameIdPresent,4,1,0,64,1,,
spring-projects_spring-data-keyvalue,org.springframework.data.map,MapKeyValueAdapterUnitTests,containsShouldThrowExceptionWhenIdIsNull,3,1,0,71,1,,
spring-projects_spring-data-keyvalue,org.springframework.data.map,MapKeyValueAdapterUnitTests,containsShouldThrowExceptionWhenTypeIsNull,3,1,0,76,1,,
spring-projects_spring-data-keyvalue,org.springframework.data.map,MapKeyValueAdapterUnitTests,containsShouldReturnFalseWhenNoElementsPresent,3,1,0,81,1,,
spring-projects_spring-data-keyvalue,org.springframework.data.map,MapKeyValueAdapterUnitTests,containShouldReturnTrueWhenElementWithIdPresent,4,1,0,86,1,,
spring-projects_spring-data-keyvalue,org.springframework.data.map,MapKeyValueAdapterUnitTests,getShouldReturnNullWhenNoElementWithIdPresent,3,1,0,93,1,,
spring-projects_spring-data-keyvalue,org.springframework.data.map,MapKeyValueAdapterUnitTests,getShouldReturnElementWhenMatchingIdPresent,4,1,0,98,1,,
spring-projects_spring-data-keyvalue,org.springframework.data.map,MapKeyValueAdapterUnitTests,getShouldThrowExceptionWhenIdIsNull,3,1,0,105,1,,
spring-projects_spring-data-keyvalue,org.springframework.data.map,MapKeyValueAdapterUnitTests,getShouldThrowExceptionWhenTypeIsNull,3,1,0,110,1,,
spring-projects_spring-data-keyvalue,org.springframework.data.map,MapKeyValueAdapterUnitTests,getAllOfShouldReturnAllValuesOfGivenCollection,6,1,0,115,1,,
spring-projects_spring-data-keyvalue,org.springframework.data.map,MapKeyValueAdapterUnitTests,getAllOfShouldThrowExceptionWhenTypeIsNull,3,1,0,125,1,,
spring-projects_spring-data-keyvalue,org.springframework.data.map,MapKeyValueAdapterUnitTests,deleteShouldReturnNullWhenGivenIdThatDoesNotExist,3,1,0,130,1,,
spring-projects_spring-data-keyvalue,org.springframework.data.map,MapKeyValueAdapterUnitTests,deleteShouldReturnDeletedObject,4,1,0,135,1,,
spring-projects_spring-data-keyvalue,org.springframework.data.map,MapKeyValueAdapterUnitTests,scanShouldIterateOverAvailableEntries,8,1,0,142,1,,
spring-projects_spring-data-keyvalue,org.springframework.data.map,MapKeyValueAdapterUnitTests,scanShouldReturnEmptyIteratorWhenNoElementsAvailable,3,1,0,155,1,,
spring-projects_spring-data-keyvalue,org.springframework.data.map,MapKeyValueAdapterUnitTests,scanDoesNotMixResultsFromMultipleKeyspaces,7,1,0,160,1,,
spring-projects_spring-data-keyvalue,org.springframework.data.keyvalue,TypeWithCustomComposedKeySpaceAnnotationUsingAliasFor,TypeWithCustomComposedKeySpaceAnnotationUsingAliasFor,3,1,1,36,0,,
spring-projects_spring-data-keyvalue,org.springframework.data.keyvalue,Person,Person,5,1,2,36,0,,
spring-projects_spring-data-keyvalue,org.springframework.data.keyvalue,SubclassOfTypeWithCustomComposedKeySpaceAnnotation,SubclassOfTypeWithCustomComposedKeySpaceAnnotation,3,1,1,29,0,,
