Class,TotalTestabilitySmells,TestabilitySmellsDensity,TotalTests,TestDensity
apache_storm.org.apache.storm.generated.Nimbus.AsyncProcessor,1,0.26,0,0.00
gosu-lang_gosu-lang.gw.internal.gosu.parser.GosuClass,1,0.47,0,0.00
gosu-lang_gosu-lang.gw.internal.gosu.parser.GosuClassParser,1,0.29,0,0.00
gosu-lang_gosu-lang.gw.internal.gosu.parser.TypeLord,1,0.50,0,0.00
gosu-lang_gosu-lang.gw.internal.gosu.compiler.AnnotationsTest,1,0.42,0,0.00
gosu-lang_gosu-lang.gw.internal.gosu.ir.transform.AbstractElementTransformer,12,5.21,0,0.00
google_closure-compiler.com.google.javascript.jscomp.AbstractCommandLineRunner,1,0.43,0,0.00
google_closure-compiler.com.google.javascript.jscomp.NodeUtilTest,1,0.33,0,0.00
google_closure-compiler.com.google.javascript.jscomp.NodeUtilTest.AssortedTests,1,0.40,0,0.00
looly_hutool.cn.hutool.core.text.CharSequenceUtil,5,1.56,0,0.00
looly_hutool.cn.hutool.core.io.FileUtil,7,2.52,0,0.00
looly_hutool.cn.hutool.core.util.PrimitiveArrayUtil,1,0.37,0,0.00
looly_hutool.cn.hutool.core.collection.CollUtil,1,0.41,0,0.00
elastic_elasticsearch.org.elasticsearch.snapshots.SnapshotsService,10,4.23,0,0.00
elastic_elasticsearch.org.elasticsearch.repositories.blobstore.BlobStoreRepository,23,10.87,0,0.00
elastic_elasticsearch.org.elasticsearch.transport.AbstractSimpleTransportTestCase,2,0.99,0,0.00
elastic_elasticsearch.org.elasticsearch.painless.phase.DefaultSemanticAnalysisPhase,1,0.48,0,0.00
jooby-project_jooby.io.jooby.FeaturedTest,1,0.34,0,0.00
micromata_javaapiforkml.de.micromata.opengis.kml.v_2_2_0.xal.AddressDetails,1,0.30,0,0.00
Unidata_awips2.net.opengis.gml._3.ObjectFactory,1,0.19,0,0.00
Unidata_awips2.org.isotc211._2005.gmd.ObjectFactory,1,0.44,0,0.00
Unidata_awips2.com.raytheon.uf.edex.plugin.text.dao.StdTextProductDao,1,0.47,0,0.00
Unidata_awips2.com.raytheon.viz.texteditor.dialogs.TextEditorDialog,3,0.51,0,0.00
Unidata_awips2.com.raytheon.viz.warngen.gui.WarngenLayer,5,1.55,0,0.00
Unidata_awips2.com.raytheon.viz.hydro.timeseries.TimeSeriesDisplayCanvas,1,0.46,0,0.00
Unidata_awips2.com.raytheon.viz.hydro.timeseries.TabularTimeSeriesDlg,1,0.39,0,0.00
Unidata_awips2.com.raytheon.uf.viz.monitor.ffmp.ui.rsc.FFMPResource,1,0.33,0,0.00
sindicetech_siren.com.sindicetech.siren.index.codecs.block.AForFrameDecompressor,3,0.68,0,0.00
sindicetech_siren.com.sindicetech.siren.index.codecs.block.AForFrameCompressor,1,0.18,0,0.00
OfficeDev_ews-java-api.microsoft.exchange.webservices.data.core.XmlElementNames,913,249.66,0,0.00
google_guava.com.google.common.cache.LocalCache,29,8.51,0,0.00
google_guava.com.google.common.cache.CacheLoadingTest,111,54.33,0,0.00
google_guava.com.google.common.cache.LocalCacheTest,264,124.47,0,0.00
google_guava.com.google.common.util.concurrent.FuturesTest,25,8.64,0,0.00
google_guava.com.google.common.collect.Maps,5,2.14,0,0.00
google_guava.com.google.common.reflect.TypeTokenTest,120,53.31,0,0.00
igniterealtime_Openfire.org.jivesoftware.openfire.muc.spi.MultiUserChatServiceImpl,64,26.62,0,0.00
igniterealtime_Openfire.org.jivesoftware.openfire.admin.reg_002dsettings_jsp,6,2.89,0,0.00
igniterealtime_Openfire.org.jivesoftware.openfire.admin.security_002dcertificate_002dstore_002dmanagement_jsp,7,3.30,0,0.00
igniterealtime_Openfire.org.jivesoftware.openfire.admin.connection_002dsettings_002dsocket_002ds2s_jsp,10,3.44,0,0.00
igniterealtime_Openfire.org.jivesoftware.openfire.admin.pubsub_002dnode_002dsummary_jsp,6,2.61,0,0.00
igniterealtime_Openfire.org.jivesoftware.openfire.admin.connection_002dsettings_002dexternal_002dcomponents_jsp,8,3.01,0,0.00
igniterealtime_Openfire.org.jivesoftware.openfire.admin.security_002dtruststore_jsp,5,2.22,0,0.00
igniterealtime_Openfire.org.jivesoftware.openfire.admin.security_002dkeystore_jsp,8,2.77,0,0.00
igniterealtime_Openfire.org.jivesoftware.openfire.admin.group_002dedit_jsp,13,3.37,0,0.00
igniterealtime_Openfire.org.jivesoftware.openfire.admin.session_002ddetails_jsp,8,2.56,0,0.00
igniterealtime_Openfire.org.jivesoftware.openfire.admin.security_002dcertificate_002ddetails_jsp,3,0.60,0,0.00
igniterealtime_Openfire.org.jivesoftware.openfire.admin.plugin_002dadmin_jsp,7,2.59,0,0.00
igniterealtime_Openfire.org.jivesoftware.openfire.admin.server_002dsession_002ddetails_jsp,1,0.30,0,0.00
igniterealtime_Openfire.org.jivesoftware.openfire.admin.dns_002dcheck_jsp,10,3.26,0,0.00
igniterealtime_Openfire.org.jivesoftware.openfire.admin.system_002dclustering_002ddata_002dconsistency_002dcheck_jsp,8,2.24,0,0.00
igniterealtime_Openfire.org.jivesoftware.openfire.admin.muc_002droom_002dedit_002dform_jsp,10,2.61,0,0.00
igniterealtime_Openfire.org.jivesoftware.openfire.admin.connection_002dsettings_002dadvanced_jsp,7,2.10,0,0.00
igniterealtime_Openfire.org.jivesoftware.openfire.admin.muc_002droom_002dfederation_jsp,5,2.06,0,0.00
igniterealtime_Openfire.org.jivesoftware.openfire.admin.setup.setup_002dadmin_002dsettings_jsp,8,3.18,0,0.00
seagate_kinetic-java.com.seagate.kinetic.batchOp.BatchBasicAPITest,106,42.45,0,0.00
seagate_kinetic-java.com.seagate.kinetic.boundary.KineticBoundaryTest,9,3.46,0,0.00
MyRobotLab_myrobotlab.org.myrobotlab.service.Mpu6050,2,0.79,0,0.00
MyRobotLab_myrobotlab.org.myrobotlab.service.Runtime,45,14.88,54,17.86
real-logic_Aeron.io.aeron.archive.client.AeronArchive,36,16.27,0,0.00
real-logic_Aeron.io.aeron.driver.MediaDriver.Context,2,0.87,0,0.00
real-logic_Aeron.io.aeron.cluster.ConsensusModule,86,35.36,0,0.00
apache_airavata.org.apache.airavata.sharing.registry.service.cpi.SharingRegistryService.AsyncProcessor,1,0.25,0,0.00
apache_airavata.org.apache.airavata.registry.api.RegistryService.Client,1,0.24,0,0.00
apache_airavata.org.apache.airavata.registry.api.RegistryService.AsyncClient,2,0.33,0,0.00
apache_airavata.org.apache.airavata.registry.api.RegistryService.Processor,1,0.22,0,0.00
apache_airavata.org.apache.airavata.registry.api.RegistryService.AsyncProcessor,1,0.07,0,0.00
apache_airavata.org.apache.airavata.api.Airavata.Client,1,0.17,0,0.00
apache_airavata.org.apache.airavata.api.Airavata.AsyncClient,2,0.31,0,0.00
apache_airavata.org.apache.airavata.api.Airavata.Processor,1,0.16,0,0.00
apache_airavata.org.apache.airavata.api.Airavata.AsyncProcessor,1,0.06,0,0.00
arangodb_arangodb-java-driver.com.arangodb.ArangoCollectionTest,91,45.00,0,0.00
marklogic_java-client-api.com.marklogic.client.expression.CtsExpr,1,0.42,0,0.00
ReactiveX_RxJava.io.reactivex.rxjava3.core.Maybe,1,0.39,0,0.00
ReactiveX_RxJava.io.reactivex.rxjava3.core.Single,1,0.42,0,0.00
ReactiveX_RxJava.io.reactivex.rxjava3.testsupport.TestHelper,2,0.67,0,0.00
VHAINNOVATIONS_InfoButtons-182.org.openinfobutton.schemas.kb.ProfileDefinition,1,0.45,0,0.00
bytedeco_javacpp.org.bytedeco.javacpp.tools.Parser,13,3.16,0,0.00
fiji_Trainable_Segmentation.trainableSegmentation.Weka_Segmentation,33,13.52,0,0.00
fiji_Trainable_Segmentation.trainableSegmentation.FeatureStack,25,11.09,0,0.00
OpenTOSCA_container.org.apache.axis.imapi.InstanceManagementStub,1,0.37,0,0.00
guardianproject_ChatSecureAndroid.info.guardianproject.otr.app.im.provider.Imps,136,63.61,0,0.00
softlayer_softlayer-java.com.softlayer.api.service.Ticket,1,0.49,0,0.00
softlayer_softlayer-java.com.softlayer.api.service.Account,1,0.09,0,0.00
softlayer_softlayer-java.com.softlayer.api.service.Account.ServiceAsync,1,0.41,0,0.00
softlayer_softlayer-java.com.softlayer.api.service.Hardware,1,0.19,0,0.00
softlayer_softlayer-java.com.softlayer.api.service.virtual.Guest,1,0.21,0,0.00
softlayer_softlayer-java.com.softlayer.api.service.user.Customer,1,0.29,0,0.00
softlayer_softlayer-java.com.softlayer.api.service.network.Storage,1,0.24,0,0.00
softlayer_softlayer-java.com.softlayer.api.service.hardware.Server,1,0.46,0,0.00
softlayer_softlayer-java.com.softlayer.api.service.product.Package,1,0.49,0,0.00
softlayer_softlayer-java.com.softlayer.api.service.billing.Item,1,0.43,0,0.00
rocketscience-projects_javaslang.io.vavr.API,1,0.21,0,0.00
kuali_kc.org.kuali.kra.coi.disclosure.CoiDisclosureServiceImpl,2,0.97,0,0.00
kuali_kc.org.kuali.kra.award.home.Award,16,7.41,0,0.00
kuali_kc.org.kuali.kra.protocol.actions.ActionHelperBase,1,0.50,0,0.00
kuali_kc.org.kuali.kra.irb.actions.ProtocolProtocolActionsAction,1,0.44,0,0.00
kuali_kc.org.kuali.kra.award.printing.xmlstream.AwardBaseStream,1,0.50,0,0.00
Netflix_dyno.com.netflix.dyno.jedis.DynoJedisPipeline,1,0.45,0,0.00
Netflix_dyno.com.netflix.dyno.jedis.DynoJedisClient,1,0.29,0,0.00
jOOQ_jOOL.org.jooq.lambda.Seq,10,2.07,0,0.00
swagger-api_swagger-parser.io.swagger.v3.parser.util.OpenAPIDeserializer,1,0.28,6,1.66
hyperic_hq.org.hyperic.hq.measurement.server.session.DataManagerImpl,2,0.96,0,0.00
hyperic_hq.com.xensource.xenapi.VM,1,0.31,0,0.00
primecloud-controller-org_primecloud-controller.jp.primecloud.auto.ui.WinServerEdit,1,0.46,0,0.00
primecloud-controller-org_primecloud-controller.jp.primecloud.auto.service.impl.InstanceServiceImpl,2,0.77,0,0.00
Talend_tcommon-studio-se.org.talend.designer.runprocess.ProcessorUtilities,7,3.37,0,0.00
Talend_tcommon-studio-se.org.talend.core.model.metadata.designerproperties.RepositoryToComponentProperty,1,0.36,0,0.00
Talend_tcommon-studio-se.org.talend.designer.core.model.utils.emf.component.impl.ComponentPackageImpl,1,0.38,0,0.00
Talend_tcommon-studio-se.org.talend.core.model.properties.impl.PropertiesPackageImpl,1,0.17,0,0.00
Talend_tcommon-studio-se.org.talend.core.model.metadata.builder.connection.impl.ConnectionPackageImpl,1,0.21,0,0.00
Talend_tcommon-studio-se.org.jfree.chart.renderer.AbstractRenderer,8,2.99,0,0.00
Talend_tcommon-studio-se.org.jfree.chart.plot.XYPlot,6,1.55,0,0.00
Talend_tcommon-studio-se.org.jfree.chart.plot.CategoryPlot,9,2.75,0,0.00
Talend_tcommon-studio-se.org.jfree.chart.plot.PiePlot,11,4.59,0,0.00
Talend_tcommon-studio-se.org.talend.repository.ui.wizards.metadata.table.database.SelectorTableForm,1,0.45,0,0.00
Talend_tcommon-studio-se.org.talend.repository.ui.wizards.metadata.connection.database.DatabaseForm,1,0.13,0,0.00
payara_Payara.com.sun.enterprise.web.WebContainer,50,22.43,0,0.00
payara_Payara.org.glassfish.web.loader.WebappClassLoader,2,0.80,2,0.80
payara_Payara.org.apache.catalina.connector.Request,26,9.36,0,0.00
payara_Payara.org.apache.catalina.core.StandardContext,33,6.02,1,0.18
payara_Payara.com.sun.ejb.containers.BaseContainer,5,1.64,0,0.00
datanucleus_datanucleus-core.org.datanucleus.ExecutionContextImpl,173,47.42,1,0.27
datanucleus_datanucleus-core.org.datanucleus.metadata.AbstractMemberMetaData,66,29.68,0,0.00
datanucleus_datanucleus-core.org.datanucleus.metadata.AbstractClassMetaData,56,20.03,0,0.00
apache_stratos.org.apache.stratos.rest.endpoint.api.StratosApiV41Utils,5,1.71,0,0.00
KronicDeth_intellij-elixir.org.elixir_lang.parser.ElixirParser,1,0.30,0,0.00
freemarker_fmpp.fmpp.setting.Settings,90,35.93,0,0.00
gridkit_nanocloud.com.jcraft.jsch.ChannelSftp,12,5.02,0,0.00
pusher_pusher-http-java.com.pusher.rest.crypto.nacl.TweetNaclFast,19,8.13,0,0.00
Stratio_stratio-cassandra.org.apache.cassandra.thrift.Cassandra.AsyncProcessor,1,0.37,0,0.00
Stratio_stratio-cassandra.org.apache.cassandra.service.StorageService,3,1.17,0,0.00
codefollower_Tomcat-Research.org.apache.catalina.connector.Request,144,64.09,44,19.58
codefollower_Tomcat-Research.org.apache.catalina.core.StandardContext,98,24.60,62,15.56
wildfly_wildfly-core.org.jboss.as.cli.impl.CommandContextImpl,23,11.19,2,0.97
wildfly_wildfly-core.org.jboss.as.controller.OperationContextImpl,35,16.69,0,0.00
wildfly_wildfly-core.org.jboss.as.controller.logging.ControllerLogger_$logger,1,0.31,0,0.00
jagornet_dhcp.com.jagornet.dhcp.server.config.DhcpServerConfiguration,1,0.49,0,0.00
emicklei_rendersnake.org.rendersnake.HtmlAttributes,1,0.49,0,0.00
emicklei_rendersnake.org.rendersnake.HtmlCanvas,4,1.02,0,0.00
OpenSilk_Orpheus.com.andrew.apollo.MusicPlaybackService,40,17.87,0,0.00
Wolfgang-Schuetzelhofer_jcypher.iot.jcypher.domainquery.internal.QueryExecutor,6,2.41,0,0.00
Wolfgang-Schuetzelhofer_jcypher.iot.jcypher.domainquery.internal.QueryExecutor.QueryBuilder,1,0.49,0,0.00
Wolfgang-Schuetzelhofer_jcypher.iot.jcypher.domain.internal.DomainAccess,3,0.90,0,0.00
netizen539_civcraft.com.avrgaming.civcraft.object.Town,134,57.26,0,0.00
wso2_siddhi.io.siddhi.query.compiler.internal.SiddhiQLBaseVisitorImpl,11,5.12,0,0.00
Talend_tdi-studio-se.org.talend.designer.core.ui.editor.properties.controllers.AbstractElementPropertySectionController,2,0.90,0,0.00
Talend_tdi-studio-se.org.talend.designer.core.ui.editor.process.Process,9,2.38,0,0.00
Talend_tdi-studio-se.org.talend.designer.webservice.ui.WebServiceUI,1,0.31,0,0.00
Talend_tdi-studio-se.com.microsoft.schemas.xrm._2011.metadata.EntityMetadata,1,0.44,0,0.00
Talend_tdi-studio-se.org.talend.mdm.webservice.XtentisBindingStub,1,0.09,0,0.00
Talend_tdi-studio-se.org.talend.mdm.webservice.ObjectFactory,1,0.19,0,0.00
Talend_tdi-studio-se.org.talend.sugarws.SugarsoapBindingStub,1,0.39,0,0.00
Talend_tdi-studio-se.com.netsuite.webservices.platform.common.TransactionSearchBasic,1,0.21,0,0.00
Talend_tdi-studio-se.com.netsuite.webservices.platform.common.CustomerSearchBasic,1,0.44,0,0.00
Talend_tdi-studio-se.com.netsuite.webservices.platform.common.OriginatingLeadSearchBasic,1,0.44,0,0.00
Talend_tdi-studio-se.com.netsuite.webservices.platform.common.ItemSearchBasic,1,0.25,0,0.00
Talend_tdi-studio-se.com.netsuite.webservices.lists.accounting.NonInventoryResaleItem,1,0.46,0,0.00
Talend_tdi-studio-se.com.netsuite.webservices.lists.accounting.InventoryItem,1,0.31,0,0.00
Talend_tdi-studio-se.com.netsuite.webservices.lists.accounting.SerializedInventoryItem,1,0.33,0,0.00
Talend_tdi-studio-se.com.netsuite.webservices.lists.accounting.LotNumberedAssemblyItem,1,0.34,0,0.00
Talend_tdi-studio-se.com.netsuite.webservices.lists.accounting.AssemblyItem,1,0.34,0,0.00
Talend_tdi-studio-se.com.netsuite.webservices.lists.accounting.ObjectFactory,1,0.47,0,0.00
Talend_tdi-studio-se.com.netsuite.webservices.lists.accounting.SerializedAssemblyItem,1,0.33,0,0.00
Talend_tdi-studio-se.com.netsuite.webservices.lists.accounting.LotNumberedInventoryItem,1,0.32,0,0.00
Talend_tdi-studio-se.com.netsuite.webservices.transactions.sales.CashSale,1,0.44,0,0.00
Talend_tdi-studio-se.com.netsuite.webservices.transactions.sales.SalesOrder,1,0.49,0,0.00
Talend_tdi-studio-se.com.netsuite.webservices.transactions.sales.Invoice,1,0.50,0,0.00
Talend_tdi-studio-se.com.microsoft.schemas.crm._2007.webservices.Lead,2,0.82,0,0.00
Talend_tdi-studio-se.com.microsoft.schemas.crm._2007.webservices.Contact,2,0.63,0,0.00
Talend_tdi-studio-se.com.microsoft.schemas.crm._2007.webservices.Account,2,0.72,0,0.00
Talend_tdi-studio-se.com.microsoft.schemas.crm._2007.webservices.Systemuser,2,0.92,0,0.00
Talend_tdi-studio-se.com.microsoft.schemas.crm._2007.webservices.Organization,1,0.36,0,0.00
Talend_tdi-studio-se.com.microsoft.schemas.crm._2007.webservices.impl.ContractImpl,1,0.40,0,0.00
Talend_tdi-studio-se.com.microsoft.schemas.crm._2007.webservices.impl.ContactImpl,1,0.11,0,0.00
Talend_tdi-studio-se.com.microsoft.schemas.crm._2007.webservices.impl.LetterImpl,1,0.47,0,0.00
Talend_tdi-studio-se.com.microsoft.schemas.crm._2007.webservices.impl.LeadImpl,1,0.14,0,0.00
Talend_tdi-studio-se.com.microsoft.schemas.crm._2007.webservices.impl.SalesorderdetailImpl,1,0.29,0,0.00
Talend_tdi-studio-se.com.microsoft.schemas.crm._2007.webservices.impl.SystemuserImpl,1,0.16,0,0.00
Talend_tdi-studio-se.com.microsoft.schemas.crm._2007.webservices.impl.InvoicedetailImpl,1,0.29,0,0.00
Talend_tdi-studio-se.com.microsoft.schemas.crm._2007.webservices.impl.CampaignImpl,1,0.42,0,0.00
Talend_tdi-studio-se.com.microsoft.schemas.crm._2007.webservices.impl.AccountImpl,1,0.13,0,0.00
Talend_tdi-studio-se.com.microsoft.schemas.crm._2007.webservices.impl.OpportunityproductImpl,1,0.48,0,0.00
Talend_tdi-studio-se.com.microsoft.schemas.crm._2007.webservices.impl.OpportunityImpl,1,0.47,0,0.00
Talend_tdi-studio-se.com.microsoft.schemas.crm._2007.webservices.impl.ServiceappointmentImpl,1,0.49,0,0.00
Talend_tdi-studio-se.com.microsoft.schemas.crm._2007.webservices.impl.QuotedetailImpl,1,0.31,0,0.00
Talend_tdi-studio-se.com.microsoft.schemas.crm._2007.webservices.impl.ImportfileImpl,1,0.44,0,0.00
Talend_tdi-studio-se.com.microsoft.schemas.crm._2007.webservices.impl.FaxImpl,1,0.44,0,0.00
Talend_tdi-studio-se.com.microsoft.schemas.crm._2007.webservices.impl.AppointmentImpl,1,0.46,0,0.00
Talend_tdi-studio-se.com.microsoft.schemas.crm._2007.webservices.impl.CompetitorImpl,1,0.21,0,0.00
Talend_tdi-studio-se.com.microsoft.schemas.crm._2007.webservices.impl.CampaignactivityImpl,1,0.41,0,0.00
Talend_tdi-studio-se.com.microsoft.schemas.crm._2007.webservices.impl.AsyncoperationImpl,1,0.48,0,0.00
Talend_tdi-studio-se.com.microsoft.schemas.crm._2007.webservices.impl.QuoteImpl,1,0.21,0,0.00
Talend_tdi-studio-se.com.microsoft.schemas.crm._2007.webservices.impl.ReportImpl,1,0.50,0,0.00
Talend_tdi-studio-se.com.microsoft.schemas.crm._2007.webservices.impl.EmailImpl,1,0.36,0,0.00
Talend_tdi-studio-se.com.microsoft.schemas.crm._2007.webservices.impl.InvoiceImpl,1,0.23,0,0.00
Talend_tdi-studio-se.com.microsoft.schemas.crm._2007.webservices.impl.ProductImpl,1,0.42,0,0.00
Talend_tdi-studio-se.com.microsoft.schemas.crm._2007.webservices.impl.CampaignresponseImpl,1,0.36,0,0.00
Talend_tdi-studio-se.com.microsoft.schemas.crm._2007.webservices.impl.IncidentImpl,1,0.48,0,0.00
Talend_tdi-studio-se.com.microsoft.schemas.crm._2007.webservices.impl.SalesorderImpl,1,0.20,0,0.00
Talend_tdi-studio-se.com.microsoft.schemas.crm._2007.webservices.impl.ContractdetailImpl,1,0.40,0,0.00
Talend_tdi-studio-se.com.microsoft.crm4.webserviceTest.CrmServiceStub,1,0.37,0,0.00
Talend_tdi-studio-se.org.talend.repository.ui.login.LoginComposite,7,3.39,0,0.00
Talend_tdi-studio-se.org.talend.repository.ui.login.LoginProjectPage,1,0.43,0,0.00
wso2_carbon-identity.org.wso2.carbon.identity.sso.saml.stub.IdentitySAMLSSOConfigServiceStub,10,4.78,0,0.00
wso2_carbon-identity.org.wso2.carbon.humantask.stub.ui.task.client.api.HumanTaskClientAPIAdminStub,77,4.01,0,0.00
wso2_carbon-identity.org.wso2.carbon.identity.entitlement.stub.EntitlementPolicyAdminServiceStub,29,6.44,0,0.00
wso2_carbon-identity.org.wso2.carbon.identity.entitlement.stub.EntitlementAdminServiceStub,20,7.33,0,0.00
wso2_carbon-identity.org.wso2.carbon.identity.provider.openid.stub.OpenIDProviderServiceStub,17,4.72,0,0.00
wso2_carbon-identity.org.apache.axis2.context.xsd.MessageContext,3,0.96,0,0.00
wso2_carbon-identity.org.apache.axis2.engine.xsd.AxisConfiguration,3,1.32,0,0.00
wso2_carbon-identity.org.apache.axis2.description.xsd.AxisService,3,0.95,0,0.00
wso2_carbon-identity.org.wso2.carbon.idp.mgt.stub.IdentityProviderMgtServiceStub,12,5.68,0,0.00
wso2_carbon-identity.org.wso2.carbon.identity.oauth.stub.OAuthAdminServiceStub,11,5.49,0,0.00
wso2_carbon-identity.org.wso2.carbon.identity.user.profile.stub.UserProfileMgtServiceStub,14,5.46,0,0.00
wso2_carbon-identity.org.wso2.carbon.identity.workflow.mgt.stub.WorkflowAdminServiceStub,20,5.44,0,0.00
wso2_carbon-identity.org.wso2.carbon.identity.application.mgt.stub.IdentityApplicationManagementServiceStub,11,5.48,0,0.00
wso2_carbon-identity.org.wso2.carbon.identity.entitlement.ui.util.PolicyEditorUtil,1,0.47,0,0.00
wso2_carbon-identity.org.wso2.carbon.identity.application.mgt.dao.impl.ApplicationDAOImpl,1,0.49,0,0.00
jindrapetrik_jpexs-decompiler.com.jpexs.decompiler.flash.gui.ImagePanel,21,10.34,0,0.00
jindrapetrik_jpexs-decompiler.com.jpexs.decompiler.flash.gui.MainPanel,67,20.50,0,0.00
jindrapetrik_jpexs-decompiler.com.jpexs.decompiler.flash.gui.Main,85,37.61,0,0.00
jindrapetrik_jpexs-decompiler.com.jpexs.decompiler.flash.xfl.XFLConverter,25,6.79,0,0.00
jindrapetrik_jpexs-decompiler.com.jpexs.decompiler.flash.abc.avm2.parser.script.AVM2SourceGenerator,37,16.68,0,0.00
jindrapetrik_jpexs-decompiler.com.jpexs.decompiler.graph.Graph,15,5.53,0,0.00
sarl_sarl.io.sarl.lang.mwe2.codebuilder.fragments.DocumentationBuilderFragment,16,5.96,0,0.00
sarl_sarl.io.sarl.lang.validation.SARLValidator,2,0.92,0,0.00
sarl_sarl.io.sarl.maven.docs.parser.SarlDocumentationParser,4,1.61,0,0.00
apache_incubator-brooklyn.org.apache.brooklyn.location.jclouds.JcloudsLocation,7,3.09,0,0.00
juniversal_juniversal.java.lang.Character,197,78.39,0,0.00
aol_simple-react.cyclops.reactive.ReactiveSeq,6,2.90,0,0.00
cloud-software-foundation_c5.org.apache.hadoop.hbase.HBaseTestingUtility,15,6.55,0,0.00
cloud-software-foundation_c5.org.apache.hadoop.hbase.master.HMaster,2,0.98,0,0.00
cloud-software-foundation_c5.org.apache.hadoop.hbase.util.HBaseFsck,3,1.06,0,0.00
openlvc_portico.org.portico.impl.hla1516.Rti1516Ambassador,1,0.46,0,0.00
openlvc_portico.org.portico.impl.hla13.RtiJava1Ambassador,1,0.34,0,0.00
openlvc_portico.org.portico.impl.hla13.Rti13Ambassador,1,0.34,0,0.00
openlvc_portico.org.portico.impl.hla1516e.Rti1516eAmbassador,1,0.40,0,0.00
BranchMetrics_Branch-Android-SDK.io.branch.referral.Branch,35,13.43,0,0.00
mrniko_redisson.org.redisson.jcache.JCache,120,58.00,0,0.00
Poweruser_MinetickMod.net.minecraft.server.World,1,0.42,0,0.00
allanbank_mongodb-async-driver.com.allanbank.mongodb.builder.ConditionBuilder,29,13.15,273,123.81
inductiveautomation_opc-ua-stack.com.digitalpetri.opcua.stack.core.Identifiers,5785,999.14,0,0.00
pietermartin_sqlg.org.umlg.sqlg.sql.parse.SchemaTableTree,351,140.40,0,0.00
Realm_realm-java.io.realm.some_test_AllTypesRealmProxy,5,1.08,0,0.00
Realm_realm-java.io.realm.some_test_NullTypesRealmProxy,2,0.43,0,0.00
jayway_powermock.org.powermock.reflect.internal.WhiteboxImpl,1,0.48,0,0.00
haifengl_smile.smile.math.MathEx,11,2.88,0,0.00
haifengl_smile.smile.math.matrix.fp32.Matrix,1,0.45,0,0.00
haifengl_smile.smile.math.matrix.Matrix,1,0.46,0,0.00
haifengl_smile.smile.math.matrix.BigMatrix,1,0.45,0,0.00
haifengl_smile.smile.math.blas.LAPACK,1,0.46,0,0.00
immutables_immutables.org.immutables.value.processor.meta.ImmutableProto,1,0.33,0,0.00
immutables_immutables.org.immutables.value.processor.meta.StyleMirror,2,0.39,0,0.00
vert-x3_vertx-rx.io.vertx.reactivex.codegen.testmodel.NullableTCK,2,0.75,0,0.00
vert-x3_vertx-rx.io.vertx.rxjava3.codegen.testmodel.NullableTCK,2,0.81,0,0.00
vert-x3_vertx-rx.io.vertx.rxjava3.redis.client.RedisAPI,1,0.12,0,0.00
vert-x3_vertx-rx.io.vertx.reactivex.redis.client.RedisAPI,1,0.08,0,0.00
vert-x3_vertx-rx.io.vertx.reactivex.ext.consul.ConsulClient,2,0.82,0,0.00
vert-x3_vertx-rx.io.vertx.rxjava.redis.client.RedisAPI,1,0.08,0,0.00
vert-x3_vertx-rx.io.vertx.rxjava.ext.consul.ConsulClient,2,0.82,0,0.00
vert-x3_vertx-rx.io.vertx.rxjava.codegen.testmodel.NullableTCK,2,0.75,0,0.00
mucommander_mucommander.org.icepdf.ri.common.SwingController,8,2.29,0,0.00
mucommander_mucommander.org.icepdf.core.pobjects.fonts.ofont.Encoding,2,0.79,0,0.00
bnjmn_weka.weka.gui.explorer.ClassifierPanelRemoteLauncher,1,0.49,0,0.00
bnjmn_weka.weka.gui.beans.KnowledgeFlowApp,4,0.83,0,0.00
bnjmn_weka.weka.classifiers.bayes.net.GUI,1,0.32,0,0.00
bnjmn_weka.weka.classifiers.bayes.net.EditableBayesNet,1,0.43,0,0.00
bnjmn_weka.weka.classifiers.functions.MultilayerPerceptronCS,1,0.45,0,0.00
bnjmn_weka.weka.classifiers.evaluation.Evaluation,2,0.58,0,0.00
bnjmn_weka.weka.filters.supervised.attribute.TSLagMaker,1,0.38,0,0.00
bnjmn_weka.weka.core.WekaPackageManager,25,11.32,0,0.00
bitcoinj_bitcoinj.org.bitcoin.protocols.payments.Protos,21,7.23,0,0.00
TeamBliss-LP_android_frameworks_base.android.app.ActivityManagerNative,1,0.44,0,0.00
TeamBliss-LP_android_frameworks_base.android.app.ActivityManagerNative.ActivityManagerProxy,1,0.36,0,0.00
TeamBliss-LP_android_frameworks_base.com.android.server.MountService,32,13.21,0,0.00
TeamBliss-LP_android_frameworks_base.com.android.server.InputMethodManagerService,1,0.36,0,0.00
TeamBliss-LP_android_frameworks_base.com.android.server.appwidget.AppWidgetServiceImpl,5,1.73,0,0.00
TeamBliss-LP_android_frameworks_base.com.android.server.pm.Settings,4,1.28,0,0.00
TeamBliss-LP_android_frameworks_base.com.android.server.content.SyncStorageEngine,22,9.32,0,0.00
TeamBliss-LP_android_frameworks_base.com.android.server.am.ActivityStackSupervisor,2,0.65,0,0.00
TeamBliss-LP_android_frameworks_base.com.android.server.devicepolicy.DevicePolicyManagerService,2,0.44,0,0.00
TeamBliss-LP_android_frameworks_base.android.provider.Settings.System,579,176.96,0,0.00
TeamBliss-LP_android_frameworks_base.android.app.admin.DevicePolicyManager,57,23.60,0,0.00
TeamBliss-LP_android_frameworks_base.android.content.pm.PackageParser,14,3.70,0,0.00
TeamBliss-LP_android_frameworks_base.android.content.pm.PackageManagerTests,2,0.77,0,0.00
TeamBliss-LP_android_frameworks_base.com.android.keyguard.PagedView,2,0.96,0,0.00
TeamBliss-LP_android_frameworks_base.com.android.systemui.statusbar.BaseStatusBar,7,2.94,0,0.00
TeamBliss-LP_android_frameworks_base.com.android.systemui.statusbar.stack.NotificationStackScrollLayout,1,0.50,0,0.00
Accla_d4m_api_java.edu.mit.ll.graphulo.Graphulo,17,6.59,49,18.99
druid-io_druid.org.apache.druid.indexing.seekablestream.supervisor.SeekableStreamSupervisor,55,24.48,98,43.61
h2oai_h2o-dev.water.H2O,37,18.20,0,0.00
spotify_docker-client.com.spotify.docker.client.DockerClient,1,0.47,7,3.28
RPTools_maptool.net.rptools.maptool.client.AppActions,90,37.63,0,0.00
RPTools_maptool.net.rptools.maptool.client.ui.zone.ZoneRenderer,2,0.59,0,0.00
wendykierp_JTransforms.org.jtransforms.dht.FloatDHT_3D,1,0.43,2,0.85
wendykierp_JTransforms.org.jtransforms.dht.DoubleDHT_3D,1,0.43,2,0.85
wendykierp_JTransforms.org.jtransforms.dst.FloatDST_3D,1,0.45,2,0.91
wendykierp_JTransforms.org.jtransforms.dst.DoubleDST_3D,1,0.45,2,0.91
wendykierp_JTransforms.org.jtransforms.fft.DoubleFFT_2D,1,0.26,18,4.73
wendykierp_JTransforms.org.jtransforms.fft.FloatFFT_3D,1,0.14,16,2.18
wendykierp_JTransforms.org.jtransforms.fft.DoubleFFT_3D,1,0.14,16,2.18
wendykierp_JTransforms.org.jtransforms.fft.FloatFFT_2D,1,0.26,18,4.71
wendykierp_JTransforms.org.jtransforms.dct.DoubleDCT_3D,1,0.45,2,0.91
wendykierp_JTransforms.org.jtransforms.dct.FloatDCT_3D,1,0.45,2,0.91
radkovo_jStyleParser.cz.vutbr.web.css.CSSProperty,9,2.85,0,0.00
freenet_fred.freenet.clients.http.QueueToadlet,1,0.45,0,0.00
freenet_fred.freenet.node.PeerNode,7,1.51,0,0.00
freenet_fred.freenet.node.NodeStats,12,4.20,0,0.00
freenet_fred.freenet.node.Node,41,10.70,0,0.00
acciente_oacc-core.com.acciente.oacc.sql.internal.SQLAccessControlContext,1,0.28,0,0.00
matrix-org_matrix-android-sdk.org.matrix.androidsdk.MXSession,2,0.99,0,0.00
matrix-org_matrix-android-sdk.org.matrix.androidsdk.data.Room,1,0.46,0,0.00
lsds_SEEP.uk.ac.imperial.lsds.seep.gc14.util.StaticSensorNetworkStructure,12,4.73,0,0.00
nathantippy_jFASTStages.com.ociweb.pronghorn.stage.scheduling.GraphManager,24,9.98,0,0.00
nathantippy_jFASTStages.com.ociweb.pronghorn.stage.phast.PhastCodecSchema,2083,310.62,0,0.00
lemire_RoaringBitmap.org.roaringbitmap.RoaringBitmap,1,0.46,0,0.00
lemire_RoaringBitmap.org.roaringbitmap.RunContainer,1,0.47,0,0.00
ehcache_ehcache3.org.ehcache.impl.internal.concurrent.ConcurrentHashMap,1,0.23,0,0.00
ATLauncher_ATLauncher.com.atlauncher.data.Instance,1,0.48,0,0.00
ATLauncher_ATLauncher.com.atlauncher.workers.InstanceInstaller,1,0.38,0,0.00
gosu-lang_gosu-lang.gw.spec.core.annotations.java.GeneratedJavaAnnotationInstancesTest,0,0.00,0,0.00
gosu-lang_gosu-lang.gw.spec.core.annotations.instances.GeneratedCoreAnnotationInstancesOnEnhancementThroughEnhancedTest,0,0.00,0,0.00
gosu-lang_gosu-lang.gw.spec.core.annotations.instances.GeneratedCoreAnnotationInstancesTest,0,0.00,0,0.00
gosu-lang_gosu-lang.gw.spec.core.annotations.instances.GeneratedCoreAnnotationInstancesOnEnhancementDirectlyTest,0,0.00,0,0.00
google_closure-compiler.com.google.javascript.rhino.JSDocInfo,0,0.00,0,0.00
looly_hutool.cn.hutool.core.util.NumberUtil,0,0.00,0,0.00
NLPchina_elasticsearch-sql.com.alibaba.druid.pool.ElasticSearchDruidDataSource,0,0.00,0,0.00
Unidata_awips2.com.raytheon.uf.common.dataplugin.shef.util.ParameterCode,0,0.00,0,0.00
Unidata_awips2.com.raytheon.viz.hydrocommon.textreport.TextReportData,0,0.00,0,0.00
google_guava.com.google.common.collect.MapMakerInternalMap,0,0.00,0,0.00
igniterealtime_Openfire.org.jivesoftware.openfire.admin.system_002dproperties_jsp,0,0.00,0,0.00
aparapi_aparapi.com.amd.aparapi.internal.instruction.InstructionSet,0,0.00,0,0.00
opentripplanner_OpenTripPlanner.org.opentripplanner.ext.legacygraphqlapi.generated.LegacyGraphQLTypes,0,0.00,0,0.00
apache_tajo.org.apache.tajo.parser.sql.SQLParserListener,0,0.00,0,0.00
apache_tajo.org.apache.tajo.parser.sql.SQLParserBaseListener,0,0.00,0,0.00
locationtech_udig-platform.org.locationtech.udig.project.internal.ProjectPackage,0,0.00,0,0.00
carymrobbins_intellij-haskforce.com.haskforce.parser.HaskellParser,0,0.00,0,0.00
marklogic_java-client-api.com.marklogic.client.functionaltest.ConnectedRESTQA,0,0.00,0,0.00
VHAINNOVATIONS_InfoButtons-182.org.openinfobutton.schemas.kb.TerminologyInference,0,0.00,0,0.00
OpenTOSCA_container.org.apache.www.ode.pmapi.types._2006._08._02.impl.TEventInfoImpl,0,0.00,0,0.00
gid15_jpcsp.jpcsp.HLE.modules150.sceSysreg_driver,0,0.00,0,0.00
gid15_jpcsp.jpcsp.HLE.modules150.ThreadManForKernel,0,0.00,0,0.00
gid15_jpcsp.jpcsp.HLE.modules150.scePaf,0,0.00,0,0.00
gid15_jpcsp.jpcsp.HLE.modules150.ThreadManForUser,0,0.00,0,0.00
oswetto_Loboevolution.org.loboevolution.html.node.events.GlobalEventHandlers,0,0.00,0,0.00
Talend_tcommon-studio-se.orgomg.cwm.analysis.transformation.TransformationPackage,0,0.00,0,0.00
Talend_tcommon-studio-se.orgomg.cwm.analysis.olap.OlapPackage,0,0.00,0,0.00
Talend_tcommon-studio-se.orgomg.cwm.analysis.datamining.DataminingPackage,0,0.00,0,0.00
Talend_tcommon-studio-se.orgomg.cwm.management.warehouseprocess.events.EventsPackage,0,0.00,0,0.00
Talend_tcommon-studio-se.orgomg.cwm.resource.relational.RelationalPackage,0,0.00,0,0.00
Talend_tcommon-studio-se.orgomg.cwm.resource.xml.XmlPackage,0,0.00,0,0.00
Talend_tcommon-studio-se.orgomg.cwm.foundation.softwaredeployment.SoftwaredeploymentPackage,0,0.00,0,0.00
Talend_tcommon-studio-se.orgomg.cwm.objectmodel.core.CorePackage,0,0.00,0,0.00
Talend_tcommon-studio-se.orgomg.cwmx.resource.coboldata.CoboldataPackage,0,0.00,0,0.00
Talend_tcommon-studio-se.orgomg.cwmx.resource.imsdatabase.ImsdatabasePackage,0,0.00,0,0.00
Talend_tcommon-studio-se.orgomg.cwmx.resource.essbase.EssbasePackage,0,0.00,0,0.00
Talend_tcommon-studio-se.orgomg.cwmx.resource.dmsii.DmsiiPackage,0,0.00,0,0.00
Talend_tcommon-studio-se.orgomg.cwmx.resource.express.ExpressPackage,0,0.00,0,0.00
Talend_tcommon-studio-se.orgomg.cwmx.foundation.er.ErPackage,0,0.00,0,0.00
Talend_tcommon-studio-se.org.talend.cwm.relational.RelationalPackage,0,0.00,0,0.00
Talend_tcommon-studio-se.org.talend.designer.core.model.utils.emf.talendfile.TalendFilePackage,0,0.00,0,0.00
Talend_tcommon-studio-se.org.talend.designer.core.model.utils.emf.component.ComponentPackage,0,0.00,0,0.00
Talend_tcommon-studio-se.org.talend.designer.core.model.utils.emf.component.impl.HEADERTypeImpl,0,0.00,0,0.00
Talend_tcommon-studio-se.org.talend.designer.business.model.business.BusinessPackage,0,0.00,0,0.00
Talend_tcommon-studio-se.org.talend.core.model.properties.PropertiesPackage,0,0.00,0,0.00
Talend_tcommon-studio-se.org.talend.core.model.properties.PropertiesPackage.Literals,0,0.00,0,0.00
Talend_tcommon-studio-se.org.talend.core.model.properties.impl.ExecutionTaskImpl,0,0.00,0,0.00
Talend_tcommon-studio-se.org.talend.core.model.metadata.builder.connection.ConnectionPackage,0,0.00,0,0.00
Talend_tcommon-studio-se.org.talend.core.model.metadata.builder.connection.ConnectionPackage.Literals,0,0.00,0,0.00
Talend_tcommon-studio-se.routines.system.TypeConvert,0,0.00,0,0.00
DICE-UNC_jargon.org.irods.jargon.core.utils.BinaryDataFormat,0,0.00,0,0.00
camunda_camunda-consulting.com.camunda.consulting.openapi.client.handler.ProcessDefinitionApi,0,0.00,0,0.00
gridkit_nanocloud.org.gridkit.vicluster.isolate.Isolate,0,0.00,1,0.46
Talend_tdi-studio-se.com.netsuite.webservices.platform.common.ItemSearchRowBasic,0,0.00,0,0.00
Talend_tdi-studio-se.com.netsuite.webservices.platform.common.TransactionSearchRowBasic,0,0.00,0,0.00
Talend_tdi-studio-se.com.microsoft.schemas.xrm._2011.metadata.impl.EntityMetadataImpl,0,0.00,0,0.00
Talend_tdi-studio-se.com.microsoft.schemas.xrm._2011.metadata.impl.AttributeMetadataImpl,0,0.00,0,0.00
Talend_tdi-studio-se.com.microsoft.schemas.crm._2007.webservices.impl.FixedmonthlyfiscalcalendarImpl,0,0.00,0,0.00
Talend_tdi-studio-se.com.microsoft.schemas.crm._2007.webservices.impl.SiteImpl,0,0.00,0,0.00
Talend_tdi-studio-se.com.microsoft.schemas.crm._2007.webservices.impl.CustomeraddressImpl,0,0.00,0,0.00
Talend_tdi-studio-se.com.microsoft.schemas.crm._2007.webservices.impl.BusinessunitImpl,0,0.00,0,0.00
Talend_tdi-studio-se.com.microsoft.schemas.crm._2007.webservices.impl.OrganizationImpl,0,0.00,0,0.00
Talend_tdi-studio-se.com.microsoft.schemas.crm._2007.webservices.impl.MonthlyfiscalcalendarImpl,0,0.00,0,0.00
Talend_tdi-studio-se.com.microsoft.schemas.crm._2007.webservices.impl.UsersettingsImpl,0,0.00,0,0.00
Talend_tdi-studio-se.org.talend.designer.xmlmap.model.emf.xmlmap.XmlmapPackage,0,0.00,0,0.00
wso2_carbon-identity.org.wso2.carbon.identity.sso.saml.stub.types.SAMLSSOAuthnReqDTO,0,0.00,0,0.00
wso2_carbon-identity.org.wso2.carbon.humantask.stub.types.TTaskAbstract,0,0.00,0,0.00
wso2_carbon-identity.org.wso2.carbon.humantask.stub.types.TTaskOperationsChoice,0,0.00,0,0.00
jindrapetrik_jpexs-decompiler.com.sun.jna.platform.win32.WinError,0,0.00,0,0.00
sarl_sarl.io.sarl.lang.services.SARLGrammarAccess,0,0.00,0,0.00
ben-manes_concurrentlinkedhashmap.com.googlecode.concurrentlinkedhashmap.ConcurrentHashMapV8,0,0.00,0,0.00
jbachorik_btrace.org.openjdk.btrace.core.BTraceUtils,0,0.00,0,0.00
immutables_immutables.org.immutables.value.processor.meta.ImmutableStyleInfo,0,0.00,0,0.00
immutables_immutables.org.immutables.fixture.ImmutableHugeInterface,0,0.00,1,0.43
immutables_immutables.org.immutables.trees.ast.ImmutableGrammar,0,0.00,0,0.00
immutables_immutables.org.immutables.trees.ast.ImmutableSampleNodes,0,0.00,0,0.00
immutables_immutables.org.immutables.generator.processor.ImmutableTrees,0,0.00,0,0.00
vert-x3_vertx-rx.io.vertx.redis.client.RedisAPI,0,0.00,0,0.00
bnjmn_weka.weka.classifiers.functions.MultilayerPerceptron,0,0.00,0,0.00
bnjmn_weka.org.tartarus.snowball.ext.turkishStemmer,0,0.00,0,0.00
TeamBliss-LP_android_frameworks_base.com.android.multidexlegacytestapp.manymethods.Big030,0,0.00,0,0.00
TeamBliss-LP_android_frameworks_base.com.android.multidexlegacytestapp.manymethods.Big029,0,0.00,0,0.00
TeamBliss-LP_android_frameworks_base.com.android.multidexlegacytestapp.manymethods.Big077,0,0.00,0,0.00
TeamBliss-LP_android_frameworks_base.com.android.multidexlegacytestapp.manymethods.Big055,0,0.00,0,0.00
TeamBliss-LP_android_frameworks_base.com.android.multidexlegacytestapp.manymethods.Big060,0,0.00,0,0.00
TeamBliss-LP_android_frameworks_base.com.android.multidexlegacytestapp.manymethods.Big051,0,0.00,0,0.00
TeamBliss-LP_android_frameworks_base.com.android.multidexlegacytestapp.manymethods.Big011,0,0.00,0,0.00
TeamBliss-LP_android_frameworks_base.com.android.multidexlegacytestapp.manymethods.Big059,0,0.00,0,0.00
TeamBliss-LP_android_frameworks_base.com.android.multidexlegacytestapp.manymethods.Big075,0,0.00,0,0.00
TeamBliss-LP_android_frameworks_base.com.android.multidexlegacytestapp.manymethods.Big043,0,0.00,0,0.00
TeamBliss-LP_android_frameworks_base.com.android.multidexlegacytestapp.manymethods.Big005,0,0.00,0,0.00
TeamBliss-LP_android_frameworks_base.com.android.multidexlegacytestapp.manymethods.Big002,0,0.00,0,0.00
TeamBliss-LP_android_frameworks_base.com.android.multidexlegacytestapp.manymethods.Big015,0,0.00,0,0.00
TeamBliss-LP_android_frameworks_base.com.android.multidexlegacytestapp.manymethods.Big049,0,0.00,0,0.00
TeamBliss-LP_android_frameworks_base.com.android.multidexlegacytestapp.manymethods.Big001,0,0.00,0,0.00
TeamBliss-LP_android_frameworks_base.com.android.multidexlegacytestapp.manymethods.Big026,0,0.00,0,0.00
TeamBliss-LP_android_frameworks_base.com.android.multidexlegacytestapp.manymethods.Big063,0,0.00,0,0.00
TeamBliss-LP_android_frameworks_base.com.android.multidexlegacytestapp.manymethods.Big003,0,0.00,0,0.00
TeamBliss-LP_android_frameworks_base.com.android.multidexlegacytestapp.manymethods.Big025,0,0.00,0,0.00
TeamBliss-LP_android_frameworks_base.com.android.multidexlegacytestapp.manymethods.Big067,0,0.00,0,0.00
TeamBliss-LP_android_frameworks_base.com.android.multidexlegacytestapp.manymethods.Big037,0,0.00,0,0.00
TeamBliss-LP_android_frameworks_base.com.android.multidexlegacytestapp.manymethods.Big061,0,0.00,0,0.00
TeamBliss-LP_android_frameworks_base.com.android.multidexlegacytestapp.manymethods.Big074,0,0.00,0,0.00
TeamBliss-LP_android_frameworks_base.com.android.multidexlegacytestapp.manymethods.Big068,0,0.00,0,0.00
TeamBliss-LP_android_frameworks_base.com.android.multidexlegacytestapp.manymethods.Big042,0,0.00,0,0.00
TeamBliss-LP_android_frameworks_base.com.android.multidexlegacytestapp.manymethods.Big021,0,0.00,0,0.00
TeamBliss-LP_android_frameworks_base.com.android.multidexlegacytestapp.manymethods.Big016,0,0.00,0,0.00
TeamBliss-LP_android_frameworks_base.com.android.multidexlegacytestapp.manymethods.Big007,0,0.00,0,0.00
TeamBliss-LP_android_frameworks_base.com.android.multidexlegacytestapp.manymethods.Big022,0,0.00,0,0.00
TeamBliss-LP_android_frameworks_base.com.android.multidexlegacytestapp.manymethods.Big066,0,0.00,0,0.00
TeamBliss-LP_android_frameworks_base.com.android.multidexlegacytestapp.manymethods.Big038,0,0.00,0,0.00
TeamBliss-LP_android_frameworks_base.com.android.multidexlegacytestapp.manymethods.Big062,0,0.00,0,0.00
TeamBliss-LP_android_frameworks_base.com.android.multidexlegacytestapp.manymethods.Big078,0,0.00,0,0.00
TeamBliss-LP_android_frameworks_base.com.android.multidexlegacytestapp.manymethods.Big036,0,0.00,0,0.00
TeamBliss-LP_android_frameworks_base.com.android.multidexlegacytestapp.manymethods.Big073,0,0.00,0,0.00
TeamBliss-LP_android_frameworks_base.com.android.multidexlegacytestapp.manymethods.Big057,0,0.00,0,0.00
TeamBliss-LP_android_frameworks_base.com.android.multidexlegacytestapp.manymethods.Big070,0,0.00,0,0.00
TeamBliss-LP_android_frameworks_base.com.android.multidexlegacytestapp.manymethods.Big023,0,0.00,0,0.00
TeamBliss-LP_android_frameworks_base.com.android.multidexlegacytestapp.manymethods.Big018,0,0.00,0,0.00
TeamBliss-LP_android_frameworks_base.com.android.multidexlegacytestapp.manymethods.Big034,0,0.00,0,0.00
TeamBliss-LP_android_frameworks_base.com.android.multidexlegacytestapp.manymethods.Big044,0,0.00,0,0.00
TeamBliss-LP_android_frameworks_base.com.android.multidexlegacytestapp.manymethods.Big050,0,0.00,0,0.00
TeamBliss-LP_android_frameworks_base.com.android.multidexlegacytestapp.manymethods.Big032,0,0.00,0,0.00
TeamBliss-LP_android_frameworks_base.com.android.multidexlegacytestapp.manymethods.Big027,0,0.00,0,0.00
TeamBliss-LP_android_frameworks_base.com.android.multidexlegacytestapp.manymethods.Big069,0,0.00,0,0.00
TeamBliss-LP_android_frameworks_base.com.android.multidexlegacytestapp.manymethods.Big046,0,0.00,0,0.00
TeamBliss-LP_android_frameworks_base.com.android.multidexlegacytestapp.manymethods.Big040,0,0.00,0,0.00
TeamBliss-LP_android_frameworks_base.com.android.multidexlegacytestapp.manymethods.Big035,0,0.00,0,0.00
TeamBliss-LP_android_frameworks_base.com.android.multidexlegacytestapp.manymethods.Big065,0,0.00,0,0.00
TeamBliss-LP_android_frameworks_base.com.android.multidexlegacytestapp.manymethods.Big019,0,0.00,0,0.00
TeamBliss-LP_android_frameworks_base.com.android.multidexlegacytestapp.manymethods.Big048,0,0.00,0,0.00
TeamBliss-LP_android_frameworks_base.com.android.multidexlegacytestapp.manymethods.Big014,0,0.00,0,0.00
TeamBliss-LP_android_frameworks_base.com.android.multidexlegacytestapp.manymethods.Big013,0,0.00,0,0.00
TeamBliss-LP_android_frameworks_base.com.android.multidexlegacytestapp.manymethods.Big024,0,0.00,0,0.00
TeamBliss-LP_android_frameworks_base.com.android.multidexlegacytestapp.manymethods.Big072,0,0.00,0,0.00
TeamBliss-LP_android_frameworks_base.com.android.multidexlegacytestapp.manymethods.Big031,0,0.00,0,0.00
TeamBliss-LP_android_frameworks_base.com.android.multidexlegacytestapp.manymethods.Big056,0,0.00,0,0.00
TeamBliss-LP_android_frameworks_base.com.android.multidexlegacytestapp.manymethods.Big047,0,0.00,0,0.00
TeamBliss-LP_android_frameworks_base.com.android.multidexlegacytestapp.manymethods.Big039,0,0.00,0,0.00
TeamBliss-LP_android_frameworks_base.com.android.multidexlegacytestapp.manymethods.Big028,0,0.00,0,0.00
TeamBliss-LP_android_frameworks_base.com.android.multidexlegacytestapp.manymethods.Big052,0,0.00,0,0.00
TeamBliss-LP_android_frameworks_base.com.android.multidexlegacytestapp.manymethods.Big045,0,0.00,0,0.00
TeamBliss-LP_android_frameworks_base.com.android.multidexlegacytestapp.manymethods.Big053,0,0.00,0,0.00
TeamBliss-LP_android_frameworks_base.com.android.multidexlegacytestapp.manymethods.Big054,0,0.00,0,0.00
TeamBliss-LP_android_frameworks_base.com.android.multidexlegacytestapp.manymethods.Big041,0,0.00,0,0.00
TeamBliss-LP_android_frameworks_base.com.android.multidexlegacytestapp.manymethods.Big008,0,0.00,0,0.00
TeamBliss-LP_android_frameworks_base.com.android.multidexlegacytestapp.manymethods.Big080,0,0.00,0,0.00
TeamBliss-LP_android_frameworks_base.com.android.multidexlegacytestapp.manymethods.Big010,0,0.00,0,0.00
TeamBliss-LP_android_frameworks_base.com.android.multidexlegacytestapp.manymethods.Big064,0,0.00,0,0.00
TeamBliss-LP_android_frameworks_base.com.android.multidexlegacytestapp.manymethods.Big071,0,0.00,0,0.00
TeamBliss-LP_android_frameworks_base.com.android.multidexlegacytestapp.manymethods.Big012,0,0.00,0,0.00
TeamBliss-LP_android_frameworks_base.com.android.multidexlegacytestapp.manymethods.Big079,0,0.00,0,0.00
TeamBliss-LP_android_frameworks_base.com.android.multidexlegacytestapp.manymethods.Big009,0,0.00,0,0.00
TeamBliss-LP_android_frameworks_base.com.android.multidexlegacytestapp.manymethods.Big006,0,0.00,0,0.00
TeamBliss-LP_android_frameworks_base.com.android.multidexlegacytestapp.manymethods.Big004,0,0.00,0,0.00
TeamBliss-LP_android_frameworks_base.com.android.multidexlegacytestapp.manymethods.Big017,0,0.00,0,0.00
TeamBliss-LP_android_frameworks_base.com.android.multidexlegacytestapp.manymethods.Big033,0,0.00,0,0.00
TeamBliss-LP_android_frameworks_base.com.android.multidexlegacytestapp.manymethods.Big058,0,0.00,0,0.00
TeamBliss-LP_android_frameworks_base.com.android.multidexlegacytestapp.manymethods.Big076,0,0.00,0,0.00
TeamBliss-LP_android_frameworks_base.com.android.multidexlegacytestapp.manymethods.Big020,0,0.00,0,0.00
TeamBliss-LP_android_frameworks_base.com.android.framework.multidexlegacytestservices.manymethods.Big030,0,0.00,0,0.00
TeamBliss-LP_android_frameworks_base.com.android.framework.multidexlegacytestservices.manymethods.Big029,0,0.00,0,0.00
TeamBliss-LP_android_frameworks_base.com.android.framework.multidexlegacytestservices.manymethods.Big077,0,0.00,0,0.00
TeamBliss-LP_android_frameworks_base.com.android.framework.multidexlegacytestservices.manymethods.Big055,0,0.00,0,0.00
TeamBliss-LP_android_frameworks_base.com.android.framework.multidexlegacytestservices.manymethods.Big060,0,0.00,0,0.00
TeamBliss-LP_android_frameworks_base.com.android.framework.multidexlegacytestservices.manymethods.Big051,0,0.00,0,0.00
TeamBliss-LP_android_frameworks_base.com.android.framework.multidexlegacytestservices.manymethods.Big011,0,0.00,0,0.00
TeamBliss-LP_android_frameworks_base.com.android.framework.multidexlegacytestservices.manymethods.Big059,0,0.00,0,0.00
TeamBliss-LP_android_frameworks_base.com.android.framework.multidexlegacytestservices.manymethods.Big075,0,0.00,0,0.00
TeamBliss-LP_android_frameworks_base.com.android.framework.multidexlegacytestservices.manymethods.Big043,0,0.00,0,0.00
TeamBliss-LP_android_frameworks_base.com.android.framework.multidexlegacytestservices.manymethods.Big005,0,0.00,0,0.00
TeamBliss-LP_android_frameworks_base.com.android.framework.multidexlegacytestservices.manymethods.Big002,0,0.00,0,0.00
TeamBliss-LP_android_frameworks_base.com.android.framework.multidexlegacytestservices.manymethods.Big015,0,0.00,0,0.00
TeamBliss-LP_android_frameworks_base.com.android.framework.multidexlegacytestservices.manymethods.Big049,0,0.00,0,0.00
TeamBliss-LP_android_frameworks_base.com.android.framework.multidexlegacytestservices.manymethods.Big001,0,0.00,0,0.00
TeamBliss-LP_android_frameworks_base.com.android.framework.multidexlegacytestservices.manymethods.Big026,0,0.00,0,0.00
TeamBliss-LP_android_frameworks_base.com.android.framework.multidexlegacytestservices.manymethods.Big063,0,0.00,0,0.00
TeamBliss-LP_android_frameworks_base.com.android.framework.multidexlegacytestservices.manymethods.Big003,0,0.00,0,0.00
TeamBliss-LP_android_frameworks_base.com.android.framework.multidexlegacytestservices.manymethods.Big025,0,0.00,0,0.00
TeamBliss-LP_android_frameworks_base.com.android.framework.multidexlegacytestservices.manymethods.Big067,0,0.00,0,0.00
TeamBliss-LP_android_frameworks_base.com.android.framework.multidexlegacytestservices.manymethods.Big037,0,0.00,0,0.00
TeamBliss-LP_android_frameworks_base.com.android.framework.multidexlegacytestservices.manymethods.Big061,0,0.00,0,0.00
TeamBliss-LP_android_frameworks_base.com.android.framework.multidexlegacytestservices.manymethods.Big074,0,0.00,0,0.00
TeamBliss-LP_android_frameworks_base.com.android.framework.multidexlegacytestservices.manymethods.Big068,0,0.00,0,0.00
TeamBliss-LP_android_frameworks_base.com.android.framework.multidexlegacytestservices.manymethods.Big042,0,0.00,0,0.00
TeamBliss-LP_android_frameworks_base.com.android.framework.multidexlegacytestservices.manymethods.Big021,0,0.00,0,0.00
TeamBliss-LP_android_frameworks_base.com.android.framework.multidexlegacytestservices.manymethods.Big016,0,0.00,0,0.00
TeamBliss-LP_android_frameworks_base.com.android.framework.multidexlegacytestservices.manymethods.Big007,0,0.00,0,0.00
TeamBliss-LP_android_frameworks_base.com.android.framework.multidexlegacytestservices.manymethods.Big022,0,0.00,0,0.00
TeamBliss-LP_android_frameworks_base.com.android.framework.multidexlegacytestservices.manymethods.Big066,0,0.00,0,0.00
TeamBliss-LP_android_frameworks_base.com.android.framework.multidexlegacytestservices.manymethods.Big038,0,0.00,0,0.00
TeamBliss-LP_android_frameworks_base.com.android.framework.multidexlegacytestservices.manymethods.Big062,0,0.00,0,0.00
TeamBliss-LP_android_frameworks_base.com.android.framework.multidexlegacytestservices.manymethods.Big078,0,0.00,0,0.00
TeamBliss-LP_android_frameworks_base.com.android.framework.multidexlegacytestservices.manymethods.Big036,0,0.00,0,0.00
TeamBliss-LP_android_frameworks_base.com.android.framework.multidexlegacytestservices.manymethods.Big073,0,0.00,0,0.00
TeamBliss-LP_android_frameworks_base.com.android.framework.multidexlegacytestservices.manymethods.Big057,0,0.00,0,0.00
TeamBliss-LP_android_frameworks_base.com.android.framework.multidexlegacytestservices.manymethods.Big070,0,0.00,0,0.00
TeamBliss-LP_android_frameworks_base.com.android.framework.multidexlegacytestservices.manymethods.Big023,0,0.00,0,0.00
TeamBliss-LP_android_frameworks_base.com.android.framework.multidexlegacytestservices.manymethods.Big018,0,0.00,0,0.00
TeamBliss-LP_android_frameworks_base.com.android.framework.multidexlegacytestservices.manymethods.Big034,0,0.00,0,0.00
TeamBliss-LP_android_frameworks_base.com.android.framework.multidexlegacytestservices.manymethods.Big044,0,0.00,0,0.00
TeamBliss-LP_android_frameworks_base.com.android.framework.multidexlegacytestservices.manymethods.Big050,0,0.00,0,0.00
TeamBliss-LP_android_frameworks_base.com.android.framework.multidexlegacytestservices.manymethods.Big032,0,0.00,0,0.00
TeamBliss-LP_android_frameworks_base.com.android.framework.multidexlegacytestservices.manymethods.Big027,0,0.00,0,0.00
TeamBliss-LP_android_frameworks_base.com.android.framework.multidexlegacytestservices.manymethods.Big069,0,0.00,0,0.00
TeamBliss-LP_android_frameworks_base.com.android.framework.multidexlegacytestservices.manymethods.Big046,0,0.00,0,0.00
TeamBliss-LP_android_frameworks_base.com.android.framework.multidexlegacytestservices.manymethods.Big040,0,0.00,0,0.00
TeamBliss-LP_android_frameworks_base.com.android.framework.multidexlegacytestservices.manymethods.Big035,0,0.00,0,0.00
TeamBliss-LP_android_frameworks_base.com.android.framework.multidexlegacytestservices.manymethods.Big065,0,0.00,0,0.00
TeamBliss-LP_android_frameworks_base.com.android.framework.multidexlegacytestservices.manymethods.Big019,0,0.00,0,0.00
TeamBliss-LP_android_frameworks_base.com.android.framework.multidexlegacytestservices.manymethods.Big048,0,0.00,0,0.00
TeamBliss-LP_android_frameworks_base.com.android.framework.multidexlegacytestservices.manymethods.Big014,0,0.00,0,0.00
TeamBliss-LP_android_frameworks_base.com.android.framework.multidexlegacytestservices.manymethods.Big013,0,0.00,0,0.00
TeamBliss-LP_android_frameworks_base.com.android.framework.multidexlegacytestservices.manymethods.Big024,0,0.00,0,0.00
TeamBliss-LP_android_frameworks_base.com.android.framework.multidexlegacytestservices.manymethods.Big072,0,0.00,0,0.00
TeamBliss-LP_android_frameworks_base.com.android.framework.multidexlegacytestservices.manymethods.Big031,0,0.00,0,0.00
TeamBliss-LP_android_frameworks_base.com.android.framework.multidexlegacytestservices.manymethods.Big056,0,0.00,0,0.00
TeamBliss-LP_android_frameworks_base.com.android.framework.multidexlegacytestservices.manymethods.Big047,0,0.00,0,0.00
TeamBliss-LP_android_frameworks_base.com.android.framework.multidexlegacytestservices.manymethods.Big039,0,0.00,0,0.00
TeamBliss-LP_android_frameworks_base.com.android.framework.multidexlegacytestservices.manymethods.Big028,0,0.00,0,0.00
TeamBliss-LP_android_frameworks_base.com.android.framework.multidexlegacytestservices.manymethods.Big052,0,0.00,0,0.00
TeamBliss-LP_android_frameworks_base.com.android.framework.multidexlegacytestservices.manymethods.Big045,0,0.00,0,0.00
TeamBliss-LP_android_frameworks_base.com.android.framework.multidexlegacytestservices.manymethods.Big053,0,0.00,0,0.00
TeamBliss-LP_android_frameworks_base.com.android.framework.multidexlegacytestservices.manymethods.Big054,0,0.00,0,0.00
TeamBliss-LP_android_frameworks_base.com.android.framework.multidexlegacytestservices.manymethods.Big041,0,0.00,0,0.00
TeamBliss-LP_android_frameworks_base.com.android.framework.multidexlegacytestservices.manymethods.Big008,0,0.00,0,0.00
TeamBliss-LP_android_frameworks_base.com.android.framework.multidexlegacytestservices.manymethods.Big080,0,0.00,0,0.00
TeamBliss-LP_android_frameworks_base.com.android.framework.multidexlegacytestservices.manymethods.Big010,0,0.00,0,0.00
TeamBliss-LP_android_frameworks_base.com.android.framework.multidexlegacytestservices.manymethods.Big064,0,0.00,0,0.00
TeamBliss-LP_android_frameworks_base.com.android.framework.multidexlegacytestservices.manymethods.Big071,0,0.00,0,0.00
TeamBliss-LP_android_frameworks_base.com.android.framework.multidexlegacytestservices.manymethods.Big012,0,0.00,0,0.00
TeamBliss-LP_android_frameworks_base.com.android.framework.multidexlegacytestservices.manymethods.Big079,0,0.00,0,0.00
TeamBliss-LP_android_frameworks_base.com.android.framework.multidexlegacytestservices.manymethods.Big009,0,0.00,0,0.00
TeamBliss-LP_android_frameworks_base.com.android.framework.multidexlegacytestservices.manymethods.Big006,0,0.00,0,0.00
TeamBliss-LP_android_frameworks_base.com.android.framework.multidexlegacytestservices.manymethods.Big004,0,0.00,0,0.00
TeamBliss-LP_android_frameworks_base.com.android.framework.multidexlegacytestservices.manymethods.Big017,0,0.00,0,0.00
TeamBliss-LP_android_frameworks_base.com.android.framework.multidexlegacytestservices.manymethods.Big033,0,0.00,0,0.00
TeamBliss-LP_android_frameworks_base.com.android.framework.multidexlegacytestservices.manymethods.Big058,0,0.00,0,0.00
TeamBliss-LP_android_frameworks_base.com.android.framework.multidexlegacytestservices.manymethods.Big076,0,0.00,0,0.00
TeamBliss-LP_android_frameworks_base.com.android.framework.multidexlegacytestservices.manymethods.Big020,0,0.00,0,0.00
javaparser_javaparser.org.tensorflow.op.Ops,0,0.00,0,0.00
nasa_OpenSPIFe.gov.nasa.ensemble.dictionary.DictionaryPackage,0,0.00,0,0.00
h2oai_h2o-dev.hex.glm.GLMTask,0,0.00,0,0.00
imagej_imagej-ops.net.imagej.ops.Ops,0,0.00,0,0.00
wendykierp_JTransforms.org.jtransforms.utils.CommonUtils,0,0.00,32,2.93
lemire_RoaringBitmap.org.roaringbitmap.buffer.MappeableRunContainer,0,0.00,0,0.00
xtreemfs_xtreemfs.com.google.protobuf.TestUtil,0,0.00,0,0.00
