Project Name,Package Name,Type Name,Method Name,Implementation Smell,Cause of the Smell,Method start line no
xp,com.enonic.wem.core.account,ValidatePasswordHandlerTest,testValidatePasswordExistingUserCorrectPassword,Long Statement,The length of the statement "doThrow(ex).doNothing().when(securityService).loginPortalUser(Mockito.argThat(new IsQualifiedUsername(qualifiedName))`not(eq(userPassword)));" is 141.,55
xp,com.enonic.wem.core.account,ValidatePasswordHandlerTest,testValidatePasswordExistingUserWrongPassword,Long Statement,The length of the statement "doThrow(ex).doNothing().when(securityService).loginPortalUser(Mockito.argThat(new IsQualifiedUsername(qualifiedName))`not(eq(userPassword)));" is 141.,79
xp,com.enonic.wem.core.account,ValidatePasswordHandlerTest,testValidatePasswordExistingUserWrongPassword,Long Statement,The length of the statement "final Boolean validPassword=client.execute(Commands.account().validatePassword().key(account).password("forgotPassword"));" is 122.,79
xp,com.enonic.wem.core.account,ValidatePasswordHandlerTest,mockAddUserToDaoByQualifiedName,Long Statement,The length of the statement "Mockito.when(userDao.findByQualifiedUsername(Mockito.argThat(new IsQualifiedUsername(user.getQualifiedName())))).thenReturn(user);" is 130.,124
xp,com.enonic.wem.core.account,IsQualifiedUsername,matches,Long Statement,The length of the statement "return this.qualifiedName.getUsername().equals(otherQualifiedName.getUsername()) && this.qualifiedName.getUserStoreName().equals(otherQualifiedName.getUserStoreName());" is 168.,20
xp,com.enonic.wem.core.account,FindMembersHandlerTest,testFindMembersNotTransitive,Long Statement,The length of the statement "final GroupEntity group=createGroup("12345"`groupAccount.getUserStore()`groupAccount.getLocalName()`groupMember1`groupMember2`groupMemberUser`groupMemberRole);" is 159.,66
xp,com.enonic.wem.core.account,FindMembersHandlerTest,testFindMembersNotTransitive,Magic Number,The method contains a magic number: 4,66
xp,com.enonic.wem.core.account,FindMembersHandlerTest,testFindMembersTransitive,Long Statement,The length of the statement "createGroup("12345"`groupAccount.getUserStore()`groupAccount.getLocalName()`groupMember1`groupMember2`groupMemberUser`groupMemberRole);" is 135.,98
xp,com.enonic.wem.core.account,FindMembersHandlerTest,testFindMembersTransitive,Magic Number,The method contains a magic number: 4,98
xp,com.enonic.wem.core.account,FindMembersHandlerTest,mockAddUserToDaoByQualifiedName,Long Statement,The length of the statement "Mockito.when(userDao.findByQualifiedUsername(Mockito.argThat(new IsQualifiedUsername(user.getQualifiedName())))).thenReturn(user);" is 130.,183
xp,com.enonic.wem.core.account,FindMembersHandlerTest,mockAddGroupToUserStore,Long Statement,The length of the statement "Mockito.when(groupDao.findByUserStoreKeyAndGroupname(userStore.getKey()`group.getName()`false)).thenReturn(userStoreResults);" is 125.,189
xp,com.enonic.wem.core.account,ChangePasswordHandlerTest,testChangePasswordExistingUser,Long Statement,The length of the statement "verify(securityService`atLeastOnce()).changePassword(Mockito.argThat(new IsQualifiedUsername(user.getQualifiedName()))`eq(newPassword));" is 136.,53
xp,com.enonic.wem.core.account,ChangePasswordHandlerTest,mockAddUserToDaoByQualifiedName,Long Statement,The length of the statement "Mockito.when(userDao.findByQualifiedUsername(Mockito.argThat(new IsQualifiedUsername(user.getQualifiedName())))).thenReturn(user);" is 130.,92
xp,com.enonic.wem.core.account,FindMembersHandler,membersToAccountKeys,Long Statement,The length of the statement "final AccountKey memberAccount=createAccountKey(getAccountType(member)`member.getUserStore().getName()`member.getName());" is 121.,62
xp,com.enonic.wem.core.content.data,ContentDataSerializerJsonTest,asdfsdf,Magic Number,The method contains a magic number: 2,18
xp,com.enonic.wem.core.content.data,ContentDataSerializerJsonTest,radiobuttons,Long Statement,The length of the statement "RadioButtonsConfig radioButtonsConfig=RadioButtonsConfig.newBuilder().addOption("Norway"`"NO").addOption("South Africa"`"ZA").build();" is 134.,43
xp,com.enonic.wem.core.content.data,ContentDataSerializerJsonTest,radiobuttons,Long Statement,The length of the statement "configItems.addConfigItem(Field.newBuilder().name("myRadiobuttons").type(FieldTypes.radioButtons).required(true).fieldTypeConfig(radioButtonsConfig).build());" is 158.,43
xp,com.enonic.wem.core.content.data,ContentDataSerializerJsonTest,multiple_textlines,Long Statement,The length of the statement "configItems.addConfigItem(Field.newBuilder().name("myMultipleTextLine").type(FieldTypes.textline).required(false).multiple(true).build());" is 138.,66
xp,com.enonic.wem.core.content.data,ContentDataSerializerJsonTest,groupedFieldSet,Magic Number,The method contains a magic number: 2,89
xp,com.enonic.wem.core.content.data,ContentDataSerializerJsonTest,multiple_subtype,Long Statement,The length of the statement "FieldSet fieldSet=FieldSet.newBuilder().type(FieldSetType.GROUP).name("personalia").label("Personalia").multiple(true).build();" is 127.,118
xp,com.enonic.wem.core.content.data,ContentDataSerializerJsonTest,multiple_subtype,Magic Number,The method contains a magic number: 3,118
xp,com.enonic.wem.core.content.data,ContentDataSerializerJsonTest,unstructured_with_subTypes,Magic Number,The method contains a magic number: 3,161
xp,com.enonic.wem.core.content.data,ContentDataSerializerJsonTest,unstructured_with_arrays,Magic Number,The method contains a magic number: 3,197
xp,com.enonic.wem.core.content.data,ContentDataTest,dropdown,Long Statement,The length of the statement "Field myDropdown=Field.newBuilder().name("myDropdown").type(FieldTypes.dropdown).fieldTypeConfig(dropdownConfig).build();" is 121.,17
xp,com.enonic.wem.core.content.data,ContentDataTest,radioButtons,Long Statement,The length of the statement "RadioButtonsConfig myRadioButtonsConfig=RadioButtonsConfig.newBuilder().addOption("myFirstChoice"`"c1").addOption("mySecondChoice"`"c2").build();" is 145.,33
xp,com.enonic.wem.core.content.data,ContentDataTest,radioButtons,Long Statement,The length of the statement "dataConfig.addConfigItem(Field.newBuilder().name("myRadioButtons").type(FieldTypes.radioButtons).fieldTypeConfig(myRadioButtonsConfig).build());" is 144.,33
xp,com.enonic.wem.core.content.data,ContentDataTest,multiple_textlines,Long Statement,The length of the statement "configItems.addConfigItem(Field.newBuilder().name("myMultipleTextLine").type(FieldTypes.textline).required(false).multiple(true).build());" is 138.,50
xp,com.enonic.wem.core.content.data,ContentDataTest,radiobuttons,Long Statement,The length of the statement "RadioButtonsConfig radioButtonsConfig=RadioButtonsConfig.newBuilder().addOption("Norway"`"NO").addOption("South Africa"`"ZA").build();" is 134.,100
xp,com.enonic.wem.core.content.data,ContentDataTest,radiobuttons,Long Statement,The length of the statement "dataConfig.addConfigItem(Field.newBuilder().name("myRadiobuttons").type(FieldTypes.radioButtons).required(true).fieldTypeConfig(radioButtonsConfig).build());" is 157.,100
xp,com.enonic.wem.core.content.data,Entries,Entries,Long Statement,The length of the statement "Preconditions.checkArgument(configItems.getPath().equals(path.resolveConfigItemPath())`"path [%s] does not correspond with configItems.path: " + configItems.getPath()`path.toString());" is 184.,32
xp,com.enonic.wem.core.content.data,Entries,setConfigItems,Long Statement,The length of the statement "org.elasticsearch.common.base.Preconditions.checkArgument(configItemPath.equals(configItems.getPath())`"This Entries' path [%s] does not match given ConfigItems' path: " + configItems.getPath()`configItemPath.toString());" is 221.,72
xp,com.enonic.wem.core.content.data,Entries,setStructuredValue,Long Statement,The length of the statement "Preconditions.checkArgument(foundConfig instanceof FieldSet`"ConfigItem at path [%s] expected to be of type FieldSet: " + foundConfig.getConfigItemType()`path);" is 160.,136
xp,com.enonic.wem.core.content.data,Entries,forwardGetEntryToEntries,Long Statement,The length of the statement "Preconditions.checkArgument(foundEntry instanceof Entries`"Entry [%s] in Entries [%s] expected to be a Entries: " + foundEntry.getClass().getName()`foundEntry.getName()`this.getPath());" is 185.,250
xp,com.enonic.wem.core.content.data,EntryPath,hashCode,Magic Number,The method contains a magic number: 31,245
xp,com.enonic.wem.core.content.data,Element,hashCode,Magic Number,The method contains a magic number: 31,245
xp,com.enonic.wem.core.content.data,Value,setField,Long Statement,The length of the statement "Preconditions.checkArgument(configItemPath.equals(field.getPath())`"This Value's path [%s] does not match given field's path: " + field.getPath()`configItemPath.toString());" is 173.,29
xp,com.enonic.wem.core.content.data,Value,build,Long Statement,The length of the statement "Preconditions.checkArgument(value.basalValueType == basalValueTypeOfField`"value is not of expected type [%s]: " + value.basalValueType`basalValueTypeOfField);" is 159.,120
xp,com.enonic.wem.core.content.data,Builder,build,Long Statement,The length of the statement "Preconditions.checkArgument(value.basalValueType == basalValueTypeOfField`"value is not of expected type [%s]: " + value.basalValueType`basalValueTypeOfField);" is 159.,120
xp,com.enonic.wem.core.content,ContentTest,given_unstructured_content_when_setting_type_that_fits_then_everything_is_ok,Long Statement,The length of the statement "assertEquals("personalia.hairColour"`content.getData().getValue("personalia.hairColour").getField().getPath().toString());" is 122.,32
xp,com.enonic.wem.core.content.type,ContentTypeSerializerJsonTest,generate_all_types,Long Statement,The length of the statement "DropdownConfig dropdownConfig=DropdownConfig.newBuilder().addOption("myOption 1"`"o1").addOption("myOption 2"`"o2").build();" is 124.,21
xp,com.enonic.wem.core.content.type,ContentTypeSerializerJsonTest,generate_all_types,Long Statement,The length of the statement "RadioButtonsConfig myRadioButtonsConfig=RadioButtonsConfig.newBuilder().addOption("myFirstChoice"`"c1").addOption("mySecondChoice"`"c2").build();" is 145.,21
xp,com.enonic.wem.core.content.type,ContentTypeSerializerJsonTest,generate_all_types,Long Statement,The length of the statement "configItems.addConfigItem(Field.newBuilder().name("myDropdown").type(FieldTypes.dropdown).fieldTypeConfig(dropdownConfig).build());" is 131.,21
xp,com.enonic.wem.core.content.type,ContentTypeSerializerJsonTest,generate_all_types,Long Statement,The length of the statement "configItems.addConfigItem(Field.newBuilder().name("myRadiobuttons").type(FieldTypes.radioButtons).fieldTypeConfig(myRadioButtonsConfig).build());" is 145.,21
xp,com.enonic.wem.core.content.type,ContentTypeSerializerJsonTest,generate_all_types,Magic Number,The method contains a magic number: 3,21
xp,com.enonic.wem.core.content.type,ContentTypeSerializerJsonTest,generate_subtype,Magic Number,The method contains a magic number: 3,51
xp,com.enonic.wem.core.content.type,ContentTypeSerializerJsonTest,parse_all_types,Long Statement,The length of the statement "DropdownConfig dropdownConfig=DropdownConfig.newBuilder().addOption("myOption 1"`"o1").addOption("myOption 2"`"o2").build();" is 124.,71
xp,com.enonic.wem.core.content.type,ContentTypeSerializerJsonTest,parse_all_types,Long Statement,The length of the statement "RadioButtonsConfig myRadioButtonsConfig=RadioButtonsConfig.newBuilder().addOption("myFirstChoice"`"c1").addOption("mySecondChoice"`"c2").build();" is 145.,71
xp,com.enonic.wem.core.content.type,ContentTypeSerializerJsonTest,parse_all_types,Long Statement,The length of the statement "configItems.addConfigItem(Field.newBuilder().name("myDropdown").type(FieldTypes.dropdown).fieldTypeConfig(dropdownConfig).build());" is 131.,71
xp,com.enonic.wem.core.content.type,ContentTypeSerializerJsonTest,parse_all_types,Long Statement,The length of the statement "configItems.addConfigItem(Field.newBuilder().name("myRadioButtons").type(FieldTypes.radioButtons).fieldTypeConfig(myRadioButtonsConfig).build());" is 145.,71
xp,com.enonic.wem.core.content.type,ContentTypeSerializerJsonTest,parse_all_types,Magic Number,The method contains a magic number: 3,71
xp,com.enonic.wem.core.content.type,ContentTypeSerializerJsonTest,parse_all_types,Magic Number,The method contains a magic number: 8,71
xp,com.enonic.wem.core.content.type,TemplateQualifiedName,TemplateQualifiedName,Long Statement,The length of the statement "Preconditions.checkArgument(colonPos < qualifiedName.length() - 1`"QualifiedName is missing template name: " + qualifiedName);" is 126.,14
xp,com.enonic.wem.core.content.type,TemplateQualifiedName,hashCode,Magic Number,The method contains a magic number: 31,70
xp,com.enonic.wem.core.content.type.configitem,ConfigItemSerializerJsonTest,textline,Magic Number,The method contains a magic number: 100,40
xp,com.enonic.wem.core.content.type.configitem,ConfigItemSerializerJsonTest,textline,Magic Number,The method contains a magic number: 100,40
xp,com.enonic.wem.core.content.type.configitem,ConfigItemSerializerJsonTest,dropdown,Magic Number,The method contains a magic number: 2,77
xp,com.enonic.wem.core.content.type.configitem,ConfigItemSerializerJsonTest,radioButtons,Magic Number,The method contains a magic number: 2,115
xp,com.enonic.wem.core.content.type.configitem,ConfigItemSerializerJsonTest,fieldSet,Magic Number,The method contains a magic number: 100,153
xp,com.enonic.wem.core.content.type.configitem,Multiple,hashCode,Magic Number,The method contains a magic number: 31,61
xp,com.enonic.wem.core.content.type.configitem,ConfigItems,getConfigItem,Long Statement,The length of the statement "Preconditions.checkArgument(foundConfig instanceof FieldSet`"ConfigItem at path [%s] expected to be of type FieldSet: " + foundConfig.getConfigItemType()`path);" is 160.,40
xp,com.enonic.wem.core.content.type.configitem,ConfigItems,getFieldSet,Long Statement,The length of the statement "Preconditions.checkArgument((configItem instanceof FieldSet)`"ConfigItem at path [%s] is not a FieldSet: " + configItem.getConfigItemType()`configItem.getPath());" is 162.,66
xp,com.enonic.wem.core.content.type.configitem,ConfigItems,getFieldSet,Long Statement,The length of the statement "Preconditions.checkArgument((configItem instanceof FieldSet)`"ConfigItem at path [%s] is not a FieldSet: " + configItem.getConfigItemType()`configItem.getPath());" is 162.,81
xp,com.enonic.wem.core.content.type.configitem,ConfigItems,getField,Long Statement,The length of the statement "Preconditions.checkArgument((configItem instanceof Field)`"ConfigItem at path [%s] is not a Field: " + configItem.getConfigItemType()`configItem.getPath());" is 156.,96
xp,com.enonic.wem.core.content.type.configitem,ConfigItems,getField,Long Statement,The length of the statement "Preconditions.checkArgument((configItem instanceof Field)`"ConfigItem at path [%s] is not a Field: " + configItem.getConfigItemType()`configItem.getPath());" is 156.,111
xp,com.enonic.wem.core.content.type.configitem,Field,build,Long Statement,The length of the statement "Preconditions.checkArgument(field.getFieldTypeConfig() != null`"Field [name='%s'` type=%s] is missing required FieldTypeConfig: %s"`field.getName()`field.getFieldType().getName()`field.getFieldType().requiredConfigClass().getName());" is 233.,242
xp,com.enonic.wem.core.content.type.configitem,Field,build,Long Statement,The length of the statement "Preconditions.checkArgument(field.getFieldType().requiredConfigClass().isInstance(field.getFieldTypeConfig())`"Field [name='%s'` type=%s] expects FieldTypeConfig of type [%s] but was: %s"`field.getName()`field.getFieldType().getName()`field.getFieldType().requiredConfigClass().getName()`field.getFieldTypeConfig().getClass().getName());" is 337.,242
xp,com.enonic.wem.core.content.type.configitem,Builder,build,Long Statement,The length of the statement "Preconditions.checkArgument(field.getFieldTypeConfig() != null`"Field [name='%s'` type=%s] is missing required FieldTypeConfig: %s"`field.getName()`field.getFieldType().getName()`field.getFieldType().requiredConfigClass().getName());" is 233.,242
xp,com.enonic.wem.core.content.type.configitem,Builder,build,Long Statement,The length of the statement "Preconditions.checkArgument(field.getFieldType().requiredConfigClass().isInstance(field.getFieldTypeConfig())`"Field [name='%s'` type=%s] expects FieldTypeConfig of type [%s] but was: %s"`field.getName()`field.getFieldType().getName()`field.getFieldType().requiredConfigClass().getName()`field.getFieldTypeConfig().getClass().getName());" is 337.,242
xp,com.enonic.wem.core.content.type.valuetype,BasalValueTypeTest,resolveType,Magic Number,The method contains a magic number: 2012,11
xp,com.enonic.wem.core.jcr.accounts,AssertAccounts,usersEquals,Long Statement,The length of the statement "final boolean eq=eb.isEquals() && isDateTimeEquals(user1.getLastLogged()`user2.getLastLogged()) && isDateTimeEquals(user1.getLastModified()`user2.getLastModified());" is 165.,13
xp,com.enonic.wem.core.jcr.accounts,AssertAccounts,isDateTimeEquals,Long Statement,The length of the statement "return dateTime1.isEqual(dateTime2) && (dateTime1.getZone().getOffset(dateTime1) == dateTime2.getZone().getOffset(dateTime2));" is 126.,98
xp,com.enonic.wem.core.jcr.accounts,AccountDaoTest,findAccountsTest,Magic Number,The method contains a magic number: 2,227
xp,com.enonic.wem.core.jcr.accounts,AccountDaoTest,findAccountsTest,Magic Number,The method contains a magic number: 3,227
xp,com.enonic.wem.core.jcr.accounts,AccountDaoTest,findAllUsersTest,Magic Number,The method contains a magic number: 2,256
xp,com.enonic.wem.core.jcr.accounts,AccountDaoTest,findAllUsersTest,Magic Number,The method contains a magic number: 2,256
xp,com.enonic.wem.core.jcr.accounts,AccountDaoTest,findAllGroupsTest,Magic Number,The method contains a magic number: 3,283
xp,com.enonic.wem.core.jcr.accounts,AccountDaoTest,findAllGroupsTest,Magic Number,The method contains a magic number: 3,283
xp,com.enonic.wem.core.jcr.accounts,AccountDaoTest,addMembershipsTest,Magic Number,The method contains a magic number: 2,378
xp,com.enonic.wem.core.jcr.accounts,AccountDaoTest,addMembershipsTest,Magic Number,The method contains a magic number: 2,378
xp,com.enonic.wem.core.jcr.accounts,AccountDaoTest,addMembershipsTest,Magic Number,The method contains a magic number: 2,378
xp,com.enonic.wem.core.jcr.accounts,AccountJcrDaoImpl,queryUserstoreByName,Long Statement,The length of the statement "final JcrNodeIterator nodeIterator=session.createQuery().selectNodeType(USERSTORE_NODE_TYPE).withName(userStoreName).execute();" is 127.,264
xp,com.enonic.wem.core.jcr.accounts,AccountJcrDaoImpl,queryAllAccounts,Long Statement,The length of the statement "final JcrNodeIterator nodeIterator=session.createQuery().selectNodeType(ACCOUNT_NODE_TYPE).from(USERSTORES_ABSOLUTE_PATH).offset(index).limit(count).execute();" is 159.,515
xp,com.enonic.wem.core.jcr.accounts,AccountJcrDaoImpl,queryAllUsers,Long Statement,The length of the statement "final JcrNodeIterator nodeIterator=session.createQuery().selectNodeType(USER_NODE_TYPE).from(USERSTORES_ABSOLUTE_PATH).offset(index).limit(count).execute();" is 156.,549
xp,com.enonic.wem.core.jcr.accounts,AccountJcrDaoImpl,queryAllGroups,Long Statement,The length of the statement "final JcrNodeIterator nodeIterator=session.createQuery().selectNodeType(GROUP_NODE_TYPE).from(USERSTORES_ABSOLUTE_PATH).offset(index).limit(count).execute();" is 157.,570
xp,com.enonic.wem.core.jcr.accounts,AccountJcrDaoImpl,queryUsersCount,Long Statement,The length of the statement "final JcrNodeIterator nodeIterator=session.createQuery().selectNodeType(USER_NODE_TYPE).from(USERSTORES_ABSOLUTE_PATH).execute();" is 129.,600
xp,com.enonic.wem.core.jcr.accounts,AccountJcrDaoImpl,queryGroupsCount,Long Statement,The length of the statement "final JcrNodeIterator nodeIterator=session.createQuery().selectNodeType(GROUP_NODE_TYPE).from(USERSTORES_ABSOLUTE_PATH).execute();" is 130.,610
xp,com.enonic.wem.core.jcr.accounts,JcrAddress,hashCode,Long Statement,The length of the statement "return new HashCodeBuilder().append(this.label).append(this.street).append(this.postalAddress).append(this.postalCode).append(this.region).append(this.country).append(this.isoRegion).append(this.isoCountry).toHashCode();" is 220.,108
xp,com.enonic.wem.core.jcr.accounts,JcrAddress,equals,Long Statement,The length of the statement "return new EqualsBuilder().append(this.label`other.label).append(this.street`other.street).append(this.postalAddress`other.postalAddress).append(this.postalCode`other.postalCode).append(this.region`other.region).append(this.country`other.country).append(this.isoRegion`other.isoRegion).append(this.isoCountry`other.isoCountry).isEquals();" is 338.,123
xp,com.enonic.wem.core.jcr,JcrWrappersTest,testNodeSetGetProperties,Magic Number,The method contains a magic number: 3.14,121
xp,com.enonic.wem.core.jcr,JcrWrappersTest,testNodeSetGetProperties,Magic Number,The method contains a magic number: 123,121
xp,com.enonic.wem.core.jcr,JcrWrappersTest,testNodeSetGetProperties,Magic Number,The method contains a magic number: 3.14,121
xp,com.enonic.wem.core.jcr,JcrWrappersTest,testNodeSetGetProperties,Magic Number,The method contains a magic number: 123,121
xp,com.enonic.wem.core.jcr,JcrWrappersTest,testPropertyGetSet,Magic Number,The method contains a magic number: 3.14,149
xp,com.enonic.wem.core.jcr,JcrWrappersTest,testPropertyGetSet,Magic Number,The method contains a magic number: 123,149
xp,com.enonic.wem.core.jcr,JcrWrappersTest,testPropertyGetSet,Magic Number,The method contains a magic number: 2.71828,149
xp,com.enonic.wem.core.jcr,JcrWrappersTest,testPropertyGetSet,Magic Number,The method contains a magic number: 456,149
xp,com.enonic.wem.core.jcr,JcrWrappersTest,testPropertyGetSet,Magic Number,The method contains a magic number: 2.71828,149
xp,com.enonic.wem.core.jcr,JcrWrappersTest,testPropertyGetSet,Magic Number,The method contains a magic number: 456,149
xp,com.enonic.wem.core.jcr,JcrWrappersTest,testQuery,Magic Number,The method contains a magic number: 13,187
xp,com.enonic.wem.core.jcr,JcrWrappersTest,testQuery,Magic Number,The method contains a magic number: 1.2,187
xp,com.enonic.wem.core.jcr,JcrWrappersTest,testQuery,Magic Number,The method contains a magic number: 45,187
xp,com.enonic.wem.core.jcr,JcrWrappersTest,testQuery,Magic Number,The method contains a magic number: 3.4,187
xp,com.enonic.wem.core.jcr,JcrWrappersTest,testQuery,Magic Number,The method contains a magic number: 67,187
xp,com.enonic.wem.core.jcr,JcrWrappersTest,testQuery,Magic Number,The method contains a magic number: 45,187
xp,com.enonic.wem.core.jcr,JcrWrappersTest,testQuery,Magic Number,The method contains a magic number: 2,187
xp,com.enonic.wem.core.jcr,JcrWrappersTest,testQuery,Magic Number,The method contains a magic number: 45,187
xp,com.enonic.wem.core.jcr,JcrWrappersTest,testQuery,Magic Number,The method contains a magic number: 2,187
xp,com.enonic.wem.core.jcr,JcrWrappersTest,testQuery,Magic Number,The method contains a magic number: 1.2,187
xp,com.enonic.wem.core.jcr,JcrQuery,consolidateConstraints,Magic Number,The method contains a magic number: 2,228
xp,com.enonic.wem.core.jcr,JcrInitializer,registerNamespace,Long Statement,The length of the statement "throw new RepositoryRuntimeException("Namespace prefix is already registered with a different URI: " + prefix + ":"+ registeredUri);" is 132.,109
xp,com.enonic.wem.core.content.type.configitem.fieldtype,BaseFieldType,hashCode,Magic Number,The method contains a magic number: 31,81
xp,com.enonic.wem.core.content.type.configitem.fieldtype,BaseFieldType,hashCode,Magic Number,The method contains a magic number: 31,81
xp,com.enonic.wem.core.search,Facet,consolidate,Complex Method,Cyclomatic complexity of the method is 9,44
xp,com.enonic.wem.core.search.account,AccountQueryTranslator,build,Long Statement,The length of the statement "final TermsFacetBuilder typeFacet=FacetBuilders.termsFacet("type").field(AccountIndexField.TYPE_FIELD.id()).allTerms(true);" is 123.,40
xp,com.enonic.wem.core.search.account,AccountQueryTranslator,build,Long Statement,The length of the statement "final TermsFacetBuilder userStoreFacet=FacetBuilders.termsFacet("userstore").field(AccountIndexField.USERSTORE_FIELD.notAnalyzedId()).allTerms(true);" is 149.,40
xp,com.enonic.wem.core.search.account,AccountQueryTranslator,build,Long Statement,The length of the statement "final TermsFacetBuilder organizationFacet=FacetBuilders.termsFacet("organization").field(AccountIndexField.ORGANIZATION_FIELD.notAnalyzedId()).size(1000).order(TermsFacet.ComparatorType.COUNT).allTerms(true);" is 208.,40
xp,com.enonic.wem.core.search.account,AccountQueryTranslator,build,Magic Number,The method contains a magic number: 1000,40
xp,com.enonic.wem.core.search.account,AccountQueryTranslator,setupSorting,Missing default,The following switch statement is missing a default case: !org.eclipse.jdt.core.dom.SwitchStatement@7cc59f35,85
xp,com.enonic.wem.core.search.account,AccountQueryTranslator,buildFilterTerm,Long Statement,The length of the statement "return FilterBuilders.orFilter(prefixFilter(AccountIndexField.NAME_FIELD.id()`searchString)`prefixFilter(AccountIndexField.DISPLAY_NAME_FIELD.id()`searchString)`prefixFilter(AccountIndexField.FIRST_NAME_FIELD.id()`searchString)`prefixFilter(AccountIndexField.EMAIL_FIELD.id()`searchString)`prefixFilter(AccountIndexField.ORGANIZATION_FIELD.id()`searchString));" is 360.,156
xp,com.enonic.wem.core.search.account,AccountQueryTranslator,buildFilterTermStrict,Long Statement,The length of the statement "return FilterBuilders.orFilter(prefixFilter(AccountIndexField.NAME_FIELD.id()`prefix)`prefixFilter(AccountIndexField.DISPLAY_NAME_FIELD.id()`prefix)`prefixFilter(AccountIndexField.FIRST_NAME_FIELD.id()`prefix)`prefixFilter(AccountIndexField.EMAIL_FIELD.id()`prefix)`prefixFilter(AccountIndexField.ORGANIZATION_FIELD.id()`prefix));" is 330.,175
xp,com.enonic.wem.core.search.account,AccountQueryTranslator,buildFilterTermStrict,Long Statement,The length of the statement "return FilterBuilders.orFilter(termsFilter(AccountIndexField.NAME_FIELD.id()`term)`termsFilter(AccountIndexField.DISPLAY_NAME_FIELD.id()`term)`termsFilter(AccountIndexField.FIRST_NAME_FIELD.id()`term)`termsFilter(AccountIndexField.EMAIL_FIELD.id()`term)`termsFilter(AccountIndexField.ORGANIZATION_FIELD.id()`term));" is 315.,175
xp,com.enonic.wem.core.search.account,AccountQueryTranslator,buildQuery,Complex Method,Cyclomatic complexity of the method is 8,200
xp,com.enonic.wem.core.search.account,AccountKey,hashCode,Magic Number,The method contains a magic number: 463,44
xp,com.enonic.wem.core.search.account,AccountKey,hashCode,Magic Number,The method contains a magic number: 723,44
xp,com.enonic.wem.core.search.account,AccountSearchQuery,setUserStores,Complex Conditional,The conditional expression userStore == null || userStore.length == 0 || userStore.length == 1 && userStore[0].equals("") is complex.,128
xp,com.enonic.wem.core.search.account,AccountSearchQuery,setOrganizations,Complex Conditional,The conditional expression organizations == null || organizations.length == 0 || organizations.length == 1 && organizations[0].equals("") is complex.,146
xp,com.enonic.wem.core.search.account,AccountSearchQuery,equals,Complex Method,Cyclomatic complexity of the method is 15,214
xp,com.enonic.wem.core.search.account,AccountSearchQuery,hashCode,Magic Number,The method contains a magic number: 31,280
xp,com.enonic.wem.core.search.account,AccountSearchQuery,hashCode,Magic Number,The method contains a magic number: 31,280
xp,com.enonic.wem.core.search.account,AccountSearchQuery,hashCode,Magic Number,The method contains a magic number: 31,280
xp,com.enonic.wem.core.search.account,AccountSearchQuery,hashCode,Magic Number,The method contains a magic number: 31,280
xp,com.enonic.wem.core.search.account,AccountSearchQuery,hashCode,Magic Number,The method contains a magic number: 31,280
xp,com.enonic.wem.core.search.account,AccountSearchQuery,hashCode,Magic Number,The method contains a magic number: 31,280
xp,com.enonic.wem.core.search.account,AccountSearchQuery,hashCode,Magic Number,The method contains a magic number: 31,280
xp,com.enonic.wem.core.search.account,AccountSearchQuery,hashCode,Magic Number,The method contains a magic number: 31,280
xp,com.enonic.wem.core.search.account,AccountSearchQuery,hashCode,Magic Number,The method contains a magic number: 31,280
xp,com.enonic.wem.core.search.account,AccountSearchQuery,hashCode,Magic Number,The method contains a magic number: 31,280
xp,com.enonic.wem.core.search.account,AccountSearchQuery,hashCode,Magic Number,The method contains a magic number: 31,280
xp,com.enonic.wem.core.search.account,AccountIndexData,build,Missing default,The following switch statement is missing a default case: !org.eclipse.jdt.core.dom.SwitchStatement@2df97e85,20
xp,com.enonic.wem.core.search.account,AccountSearchResults,hashCode,Magic Number,The method contains a magic number: 31,101
xp,com.enonic.wem.core.search.account,AccountSearchResults,hashCode,Magic Number,The method contains a magic number: 31,101
xp,com.enonic.wem.core.search.account,AccountSearchResults,hashCode,Magic Number,The method contains a magic number: 31,101
xp,com.enonic.wem.core.search.account,Account,hashCode,Magic Number,The method contains a magic number: 273,118
xp,com.enonic.wem.core.search.account,Account,hashCode,Magic Number,The method contains a magic number: 637,118
xp,com.enonic.wem.core.search.account,AccountSearchService,createIndex,Long Statement,The length of the statement "ImmutableSettings.Builder settings=ImmutableSettings.settingsBuilder().loadFromSource(jsonBuilder().startObject().startObject("analysis").startObject("analyzer").startObject("keywordlowercase").field("type"`"custom").field("tokenizer"`"keyword").field("filter"`new String[]{"lowercase"}).endObject().endObject().endObject().endObject().string());" is 346.,50
xp,com.enonic.wem.core.search.account,AccountSearchService,buildIndexMapping,Long Statement,The length of the statement "mapping.field("properties").startObject().field(AccountIndexField.USERSTORE_FIELD.id()).startObject().field("type"`"multi_field").startObject("fields").startObject(AccountIndexField.USERSTORE_FIELD.id()).field("type"`"string").field("index"`"analyzed").endObject().startObject("untouched").field("type"`"string").field("index"`"not_analyzed").endObject().endObject().endObject().field(AccountIndexField.DISPLAY_NAME_FIELD.id()).startObject().field("type"`"multi_field").startObject("fields").startObject(AccountIndexField.DISPLAY_NAME_FIELD.id()).field("type"`"string").field("index"`"analyzed").endObject().startObject("untouched").field("type"`"string").field("index"`"not_analyzed").endObject().endObject().endObject().field(AccountIndexField.NAME_FIELD.id()).startObject().field("type"`"multi_field").startObject("fields").startObject(AccountIndexField.NAME_FIELD.id()).field("type"`"string").field("index"`"analyzed").endObject().startObject("untouched").field("type"`"string").field("index"`"not_analyzed").endObject().endObject().endObject().field(AccountIndexField.KEY_FIELD.id()).startObject().field("type"`"string").field("enabled"`false).endObject().field(AccountIndexField.LAST_MODIFIED_FIELD.id()).startObject().field("type"`"date").field("store"`"yes").field("format"`"dateOptionalTime").endObject().field(AccountIndexField.EMAIL_FIELD.id()).startObject().field("type"`"string").field("index"`"not_analyzed").endObject().field(AccountIndexField.ORGANIZATION_FIELD.id()).startObject().field("type"`"multi_field").startObject("fields").startObject(AccountIndexField.ORGANIZATION_FIELD.id()).field("type"`"string").field("index"`"analyzed").endObject().startObject("untouched").field("type"`"string").field("index"`"not_analyzed").endObject().startObject("lowercase").field("type"`"string").field("index"`"analyzed").field("analyzer"`"keywordlowercase").endObject().endObject().endObject().endObject().endObject().endObject();" is 1937.,83
xp,com.enonic.wem.core.search.account,AccountSearchService,search,Long Statement,The length of the statement "final SearchRequest req=Requests.searchRequest(CMS_INDEX).types(ACCOUNT_INDEX_TYPE).searchType(getSearchType(query)).source(this.translator.build(query));" is 154.,189
xp,com.enonic.wem.core.search.account,AccountSearchHit,hashCode,Magic Number,The method contains a magic number: 31,58
xp,com.enonic.wem.core.search.account,AccountSearchHit,hashCode,Magic Number,The method contains a magic number: 31,58
xp,com.enonic.wem.core.search.indexing,AccountIndexing,getProgress,Magic Number,The method contains a magic number: 100f,75
xp,com.enonic.wem.core.search.indexing,AccountIndexing,toDurationString,Long Statement,The length of the statement "PeriodFormatter daysHoursMinutes=new PeriodFormatterBuilder().appendDays().appendSuffix(" day"`" days").appendSeparator(" and ").appendMinutes().appendSuffix(" minute"`" minutes").appendSeparator(" and ").appendSeconds().appendSuffix(" second"`" seconds").toFormatter();" is 270.,219
xp,com.enonic.wem.api.account,AccountKeySetTest,testFrom_string,Magic Number,The method contains a magic number: 2,16
xp,com.enonic.wem.api.account,AccountKeySetTest,testGetSet,Magic Number,The method contains a magic number: 2,74
xp,com.enonic.wem.api.account,AccountKeySetTest,testOnlyUsers,Magic Number,The method contains a magic number: 3,86
xp,com.enonic.wem.api.account,AccountKeySetTest,testOnlyGroups,Magic Number,The method contains a magic number: 3,99
xp,com.enonic.wem.api.account,AccountKeySetTest,testOnlyRoles,Magic Number,The method contains a magic number: 3,112
xp,com.enonic.wem.api.account,AccountKeySetTest,testFilterTypes,Magic Number,The method contains a magic number: 3,125
xp,com.enonic.wem.api.account,AccountKeySetTest,testFilterTypes,Magic Number,The method contains a magic number: 2,125
xp,com.enonic.wem.api.account,AccountKeySetTest,testAdd,Magic Number,The method contains a magic number: 2,152
xp,com.enonic.wem.api.account,AccountKeySetTest,testAdd,Magic Number,The method contains a magic number: 3,152
xp,com.enonic.wem.api.account,AccountKeySetTest,testRemove,Magic Number,The method contains a magic number: 3,165
xp,com.enonic.wem.api.account,AccountKeySetTest,testRemove,Magic Number,The method contains a magic number: 2,165
xp,com.enonic.wem.api.account,AccountKey,from,Magic Number,The method contains a magic number: 2,113
xp,com.enonic.wem.api.account,AccountKey,from,Magic Number,The method contains a magic number: 3,113
xp,com.enonic.wem.api.account.editor,CompositeEditorTest,testMultiple1,Magic Number,The method contains a magic number: 2,58
xp,com.enonic.wem.api.account.editor,CompositeEditorTest,testMultiple2,Magic Number,The method contains a magic number: 2,67
xp,(default package),HelloWorld,paint,Magic Number,The method contains a magic number: 20,16
xp,(default package),HelloWorld,paint,Magic Number,The method contains a magic number: 10,16
xp,(default package),HelloWorld,paint,Magic Number,The method contains a magic number: 40,16
xp,(default package),HelloWorld,paint,Magic Number,The method contains a magic number: 30,16
xp,(default package),HelloWorld,paint,Magic Number,The method contains a magic number: 20,16
xp,(default package),HelloWorld,paint,Magic Number,The method contains a magic number: 20,16
xp,(default package),HelloWorld,paint,Magic Number,The method contains a magic number: 360,16
xp,com.enonic.wem.migrate.jcr,JcrAccountsImporter,userFieldsToAddresses,Complex Method,Cyclomatic complexity of the method is 12,307
xp,com.enonic.wem.migrate.jcr,JdbcAccountsRetriever,fetchUserStores,Long Statement,The length of the statement "final String sql="SELECT DOM_LKEY` DOM_BISDELETED` DOM_SNAME` DOM_BDEFAULTSTORE` DOM_SCONFIGNAME` DOM_XMLDATA " + "FROM TDOMAIN WHERE DOM_BISDELETED = 0";" is 154.,25
xp,com.enonic.wem.migrate.jcr,JdbcAccountsRetriever,fetchUsers,Long Statement,The length of the statement "final String sql="SELECT USR_HKEY` USR_SUID` USR_SFULLNAME` USR_DTETIMESTAMP` USR_UT_LKEY` " + "USR_DOM_LKEY` USR_SSYNCVALUE` USR_SEMAIL` USR_SPASSWORD` USR_GRP_HKEY` USR_PHOTO` USR_BISDELETED FROM TUSER WHERE USR_BISDELETED = 0";" is 230.,40
xp,com.enonic.wem.migrate.jcr,JdbcAccountsRetriever,fetchGroups,Long Statement,The length of the statement "final String sql="SELECT GRP_HKEY` GRP_SDESCRIPTION` GRP_SNAME` GRP_BRESTRICTED` GRP_SSYNCVALUE` " + "GRP_LTYPE` GRP_DOM_LKEY` GRP_BISDELETED FROM TGROUP WHERE GRP_BISDELETED = 0";" is 180.,57
xp,com.enonic.wem.web.jsp.site,SiteBeanImplTest,testSimple,Magic Number,The method contains a magic number: 11,14
xp,com.enonic.wem.web.jsp.site,SiteBeanImplTest,testSimple,Magic Number,The method contains a magic number: 11,14
xp,com.enonic.wem.web.jsp.site,SiteBeanImplTest,testCompare,Magic Number,The method contains a magic number: 11,26
xp,com.enonic.wem.web.jsp,JspHelperImplTest,testEllipsis,Magic Number,The method contains a magic number: 10,29
xp,com.enonic.wem.web.jsp,JspHelperImplTest,testEllipsis,Magic Number,The method contains a magic number: 10,29
xp,com.enonic.wem.web.jsp,JspHelperImplTest,testEllipsis,Magic Number,The method contains a magic number: 10,29
xp,com.enonic.wem.web.jsp,JspHelperImplTest,testGetBaseUrl,Magic Number,The method contains a magic number: 8888,42
xp,com.enonic.wem.web.rest2.resource.account.graph,GraphResourceTest,generateUserGraph,Long Statement,The length of the statement "adjacency.put(GraphResult.NODETO_PARAM`"1343213539380_E34B614B26C666AA9929F90EF3FA723B3DAAAAB2_4DCC2040F37F8129E31231268691DBD88473747C");" is 138.,109
xp,com.enonic.wem.web.rest2.resource.account.graph,GraphResourceTest,generateUserGraph,Long Statement,The length of the statement "groupNode.put(GraphResult.ID_PARAM`"1343213539380_E34B614B26C666AA9929F90EF3FA723B3DAAAAB2_4DCC2040F37F8129E31231268691DBD88473747C");" is 134.,109
xp,com.enonic.wem.web.rest2.resource.account.graph,GraphResourceTest,generateGroupGraph,Long Statement,The length of the statement "adjacency.put(GraphResult.NODETO_PARAM`"1343213539380_E34B614B26C666AA9929F90EF3FA723B3DAAAAB2_4DCC2040F37F8129E31231268691DBD88473747C");" is 138.,143
xp,com.enonic.wem.web.rest2.resource.account.graph,GraphResourceTest,generateGroupGraph,Long Statement,The length of the statement "userNode.put(GraphResult.ID_PARAM`"1343213539380_E34B614B26C666AA9929F90EF3FA723B3DAAAAB2_4DCC2040F37F8129E31231268691DBD88473747C");" is 133.,143
xp,com.enonic.wem.web.rest2.resource.account.user,UserResourceTest,testGetPhoto,Magic Number,The method contains a magic number: 100,63
xp,com.enonic.wem.web.rest2.resource.account,AccountResourceTest,testSearchEmpty,Long Statement,The length of the statement "String query=""` types="users`groups`roles"` userStores=""` organizations=""` sort=AccountIndexField.DISPLAY_NAME_FIELD.id()` sortDir=SearchSortOrder.ASC.toString().toUpperCase();" is 179.,63
xp,com.enonic.wem.web.rest2.resource.account,AccountResourceTest,testSearchEmpty,Magic Number,The method contains a magic number: 30,63
xp,com.enonic.wem.web.rest2.resource.account,AccountResourceTest,testSearchAll,Long Statement,The length of the statement "String query=""` types="users`groups`roles"` userStores=""` organizations=""` sort=AccountIndexField.DISPLAY_NAME_FIELD.id()` sortDir=SearchSortOrder.ASC.toString().toUpperCase();" is 179.,84
xp,com.enonic.wem.web.rest2.resource.account,AccountResourceTest,testSearchAll,Long Statement,The length of the statement "Mockito.when(userDao.findByKey(new UserKey("E6C593DE14515428B06F1A16E0D28E2341FC5AB4"))).thenReturn(createUser("E6C593DE14515428B06F1A16E0D28E2341FC5AB4"));" is 156.,84
xp,com.enonic.wem.web.rest2.resource.account,AccountResourceTest,testSearchAll,Long Statement,The length of the statement "Mockito.when(groupDao.findByKey(new GroupKey("E34B614B26C666AA9929F90EF3FA723B3DAAAAB2"))).thenReturn(createGroup("E34B614B26C666AA9929F90EF3FA723B3DAAAAB2"));" is 159.,84
xp,com.enonic.wem.web.rest2.resource.account,AccountResourceTest,testSearchAll,Long Statement,The length of the statement "Mockito.when(groupDao.findByKey(new GroupKey("18311D321165D73043C10A9101016CDF3765898E"))).thenReturn(createRole("18311D321165D73043C10A9101016CDF3765898E"));" is 158.,84
xp,com.enonic.wem.web.rest2.resource.account,AccountResourceTest,testSearchAll,Magic Number,The method contains a magic number: 30,84
xp,com.enonic.wem.web.rest2.resource.account,AccountResourceTest,testExportQuery,Long Statement,The length of the statement "String query=""` types="users`groups`roles"` userStores=""` organizations=""` sort=AccountIndexField.DISPLAY_NAME_FIELD.id()` sortDir=SearchSortOrder.ASC.toString().toUpperCase();" is 179.,111
xp,com.enonic.wem.web.rest2.resource.account,AccountResourceTest,testExportQuery,Magic Number,The method contains a magic number: 5000,111
xp,com.enonic.wem.web.rest2.resource.account,AccountResourceTest,testExportKeys,Long Statement,The length of the statement "Mockito.when(userDao.findByKey(new UserKey("E6C593DE14515428B06F1A16E0D28E2341FC5AB4"))).thenReturn(createUser("E6C593DE14515428B06F1A16E0D28E2341FC5AB4"));" is 156.,135
xp,com.enonic.wem.web.rest2.resource.account,AccountResourceTest,testExportKeys,Long Statement,The length of the statement "Mockito.when(groupDao.findByKey(new GroupKey("E34B614B26C666AA9929F90EF3FA723B3DAAAAB2"))).thenReturn(createGroup("E34B614B26C666AA9929F90EF3FA723B3DAAAAB2"));" is 159.,135
xp,com.enonic.wem.web.rest2.resource.account,AccountResourceTest,createAllResults,Magic Number,The method contains a magic number: 3,265
xp,com.enonic.wem.web.rest2.resource.account,AccountResourceTest,createAllResults,Magic Number,The method contains a magic number: 2,265
xp,com.enonic.wem.web.rest2.resource.account,AccountResourceTest,createAllResults,Magic Number,The method contains a magic number: 2,265
xp,com.enonic.wem.web.rest2.resource.account,AccountResource,search,Long Parameter List,The method has 8 parameters. ,51
xp,com.enonic.wem.web.rest2.resource.account,AccountResource,exportQuery,Long Parameter List,The method has 8 parameters. ,67
xp,com.enonic.wem.web.rest2.resource.account,AccountResource,exportQuery,Long Statement,The length of the statement "final AccountSearchQuery searchQuery=buildSearchQuery(query`types`userStores`organizations`0`accountsExportLimit`sort`sortDir);" is 127.,67
xp,com.enonic.wem.web.rest2.resource.account,AccountResource,exportQuery,Magic Number,The method contains a magic number: 5000,67
xp,com.enonic.wem.web.rest2.resource.account,AccountResource,createCsvExportResponse,Long Statement,The length of the statement "return Response.ok(content.getBytes(encoding)).type("text/csv").header("Content-Encoding"`encoding).header("Content-Disposition"`attachmentHeader).build();" is 155.,98
xp,com.enonic.wem.web.rest2.resource.account,AccountResource,buildSearchQuery,Long Parameter List,The method has 8 parameters. ,126
xp,com.enonic.wem.web.rest2.resource.account,AccountResource,buildSearchQuery,Long Statement,The length of the statement "return new AccountSearchQuery().setIncludeResults(true).setIncludeFacets(true).setQuery(query).setUsers(isSelectUsers).setGroups(isSelectGroups).setRoles(isSelectRoles).setUserStores(userstoreList).setOrganizations(organizationList).setCount(limit).setFrom(start).setSortField(sortField).setSortOrder(sortOrder);" is 312.,126
xp,com.enonic.wem.web.rest2.resource.account,AccountResource,populateSearchResults,Complex Method,Cyclomatic complexity of the method is 8,152
xp,com.enonic.wem.web.rest2.resource.timezone,TimeZoneResult,getHoursAsHumanReadable,Magic Number,The method contains a magic number: 10,56
xp,com.enonic.wem.web.rest2.resource.timezone,TimeZoneResult,getHoursAsHumanReadable,Magic Number,The method contains a magic number: 10,56
xp,com.enonic.wem.web.rest2.resource.timezone,TimeZoneResult,getHoursAsHumanReadable,Magic Number,The method contains a magic number: 10,56
xp,com.enonic.wem.web.rest2.service.account.user,UserGraphServiceTest,testBuildGraph,Magic Number,The method contains a magic number: 2,27
xp,com.enonic.wem.web.rest2.service.account,AccountCsvExportServiceTest,setUp,Long Statement,The length of the statement "Mockito.when(userDao.findByKey("856A22BB46C76B4D8A7787C504E227D2F391D5F0")).thenReturn(createUserEntity("Test user 1"`"tuser1"`"tuser1@enonic.com"));" is 149.,28
xp,com.enonic.wem.web.rest2.service.account,AccountCsvExportServiceTest,setUp,Long Statement,The length of the statement "Mockito.when(userDao.findByKey("BE9891A338852C102F398CBA65E92626ABD893AC")).thenReturn(createUserEntity("Test user 2"`"tuser2"`"tuser2@enonic.com"));" is 149.,28
xp,com.enonic.wem.web.rest2.service.account,AccountCsvExportServiceTest,setUp,Long Statement,The length of the statement "Mockito.when(groupDao.findByKey(new GroupKey("98D9DCC6E25B94DF499FB233AFD1A2665BE4997C"))).thenReturn(createGroupEntity("Test group 1"));" is 137.,28
xp,com.enonic.wem.web.rest2.service.account,AccountCsvExportServiceTest,setUp,Long Statement,The length of the statement "Mockito.when(groupDao.findByKey(new GroupKey("0E91A6F5CCCF8464C39CB4D06AA1715B7750B4E6"))).thenReturn(createGroupEntity("Test group 2"));" is 137.,28
xp,com.enonic.wem.web.rest2.service.account,AccountCsvExportServiceTest,setUp,Long Statement,The length of the statement "Mockito.when(groupDao.findByKey(new GroupKey("A2F5AA36DFE832EDCE705507D537D5083A309666"))).thenReturn(createGroupEntity("Test group 3"));" is 137.,28
xp,com.enonic.wem.web.rest2.service.account,AccountCsvExportServiceTest,testGenerateCsv,Magic Number,The method contains a magic number: 6,48
xp,com.enonic.wem.web.rest2.service.account,AccountCsvExportServiceTest,createSearchResults,Magic Number,The method contains a magic number: 5,60
xp,com.enonic.wem.web.rest2.service.account.group,GroupGraphServiceTest,testBuildGraph,Magic Number,The method contains a magic number: 7,35
xp,com.enonic.wem.web.rest2.service.account.group,GroupGraphServiceTest,testBuildGraph,Magic Number,The method contains a magic number: 6,35
xp,com.enonic.wem.web.rest2.service.account.group,GroupGraphService,buildGroupData,Long Statement,The length of the statement "node.put(GraphResult.DATA_PARAM`createGraphData(String.valueOf(groupEntity.getGroupKey())`groupEntity.isBuiltIn() ? "role" : "group"`groupEntity.isBuiltIn()`groupEntity.getName()));" is 181.,43
xp,com.enonic.wem.web.rest2.service.account.group,GroupGraphService,buildGraphData,Long Statement,The length of the statement "node.put(GraphResult.DATA_PARAM`createGraphData(String.valueOf(groupEntity.getGroupKey())`groupEntity.isBuiltIn() ? "role" : "group"`groupEntity.isBuiltIn()`groupEntity.getName()));" is 181.,59
xp,com.enonic.wem.web.rest2.service.account.group,GroupGraphService,buildGraphData,Long Statement,The length of the statement "node.put(GraphResult.DATA_PARAM`createGraphData(String.valueOf(userEntity.getKey())`"user"`userEntity.isBuiltIn()`userEntity.getName()));" is 137.,74
xp,com.enonic.wem.web.rest2.provider,JsonResultProvider,getSize,Long Parameter List,The method has 5 parameters. ,40
xp,com.enonic.wem.web.rest2.provider,JsonResultProvider,writeTo,Long Parameter List,The method has 7 parameters. ,47
xp,com.enonic.wem.web.rest.account,UserGraphDataBuilder,buildUserData,Long Statement,The length of the statement "userMap.put(DATA_PARAM`createGraphData(String.valueOf(userEntity.getKey())`"user"`userEntity.isBuiltIn()`userEntity.getName()));" is 128.,29
xp,com.enonic.wem.web.rest.account,GroupGraphDataBuilder,buildGroupData,Long Statement,The length of the statement "groupMap.put(DATA_PARAM`createGraphData(String.valueOf(groupEntity.getGroupKey())`groupEntity.isBuiltIn() ? "role" : "group"`groupEntity.isBuiltIn()`groupEntity.getName()));" is 173.,40
xp,com.enonic.wem.web.rest.account,GroupComparator,compare,Long Statement,The length of the statement "String name1=String.valueOf(group1.get(AccountGraphDataBuilder.NAME_PARAM))` name2=String.valueOf(group2.get(AccountGraphDataBuilder.NAME_PARAM));" is 146.,56
xp,com.enonic.wem.web.rest.account,UserModel,UserModel,Long Parameter List,The method has 6 parameters. ,33
xp,com.enonic.wem.web.rest.account,AccountController,list,Complex Method,Cyclomatic complexity of the method is 9,86
xp,com.enonic.wem.web.rest.account,AccountController,list,Long Statement,The length of the statement "LOG.info("Search accounts: query='" + req.getQuery() + "' ` index="+ req.getStart()+ "` count="+ req.getLimit()+ "` selectUsers="+ req.isSelectUsers()+ "` selectGroups="+ req.isSelectGroups()+ "` userstores="+ req.getUserstores()+ "` orgs="+ req.getOrganizations()+ "` keys="+ accountKeys);" is 290.,86
xp,com.enonic.wem.web.rest.account,AccountController,search,Long Statement,The length of the statement "AccountSearchQuery searchQueryCountFacets=new AccountSearchQuery().setIncludeResults(true).setCount(req.getLimit()).setFrom(req.getStart()).setQuery(req.getQuery()).setGroups(req.isSelectGroups()).setUsers(req.isSelectUsers()).setRoles(req.isSelectRoles()).setOrganizations(organizationList).setSortField(AccountIndexField.parse(req.getSort())).setSortOrder(SearchSortOrder.valueOf(req.getDir()));" is 397.,159
xp,com.enonic.wem.web.rest.account,AccountController,exportAsCsv,Magic Number,The method contains a magic number: 5000,210
xp,com.enonic.wem.web.rest.account,UserIdGenerator,generateUserId,Complex Method,Cyclomatic complexity of the method is 9,31
xp,com.enonic.wem.web.rest.account,UserIdGenerator,generateUserId,Long Statement,The length of the statement "int lettersFromFname=Math.min(first.length()`maximumLength - lettersFromSname - suffix.length()) - Math.max(0`i - lettersFromSname);" is 132.,31
xp,com.enonic.wem.web.rest.account,AsciiLettersTextFilter,convertUnicodeToAsciiLetters,Complex Conditional,The conditional expression (inputChar >= 'a') && (inputChar <= 'z') || (inputChar >= 'A') && (inputChar <= 'Z') is complex.,181
xp,com.enonic.wem.web.rest.account,UserModelTranslator,fromInfoModel,Complex Method,Cyclomatic complexity of the method is 26,185
xp,com.enonic.wem.web.rest.account,UserModelTranslator,buildGroups,Complex Method,Cyclomatic complexity of the method is 8,309
xp,com.enonic.wem.web.rest.account,AccountGraphDataBuilder,createGraphData,Magic Number,The method contains a magic number: 2,27
xp,com.enonic.wem.web.rest.account,AccountGraphDataBuilder,buildGraphData,Long Statement,The length of the statement "groupMap.put(DATA_PARAM`createGraphData(String.valueOf(groupEntity.getGroupKey())`groupEntity.isBuiltIn() ? "role" : "group"`builtIn`name));" is 140.,50
xp,com.enonic.wem.web.rest.account,UserController,getPhoto,Long Statement,The length of the statement "String redirectUrl=defaultImageUrl.startsWith("http://") ? defaultImageUrl : String.format("%s/%s"`request.getContextPath()`defaultImageUrl);" is 141.,83
xp,com.enonic.wem.web.rest.account,UserController,getPhoto,Magic Number,The method contains a magic number: 40,83
xp,com.enonic.wem.web.rest.account,UserController,getPhoto,Magic Number,The method contains a magic number: 100,83
xp,com.enonic.wem.web.rest.account,UserController,scaleImage,Long Identifier,The length of the field DEFAULT_IMAGE_BACKGROUND_COLOR is 30.,152
xp,com.enonic.wem.web.rest.account,UserController,changePassword,Magic Number,The method contains a magic number: 64,166
xp,com.enonic.wem.web.rest.account,UserController,changePassword,Magic Number,The method contains a magic number: 8,166
xp,com.enonic.wem.web.rest.account,UserController,isValidUserData,Long Statement,The length of the statement "boolean isValid=StringUtils.isNotBlank(userData.getDisplayName()) && StringUtils.isNotBlank(userData.getName()) && StringUtils.isNotBlank(userData.getEmail());" is 159.,272
xp,com.enonic.wem.web.rest.account,CsvBuilder,needsQuoteEncoding,Long Statement,The length of the statement "return text.contains("\r") || text.contains("\n") || text.contains("\t")|| text.contains("\"")|| text.contains(separator);" is 122.,64
xp,com.enonic.wem.web.rest.account,GroupController,getGroups,Long Statement,The length of the statement "final AccountSearchQuery searchQueryCountFacets=new AccountSearchQuery().setCount(limit).setIncludeResults(true).setQuery(query).setGroups(true).setUsers(false).setIncludeFacets(false).setSortField(AccountIndexField.DISPLAY_NAME_FIELD).setSortOrder(SearchSortOrder.ASC);" is 270.,83
xp,com.enonic.wem.web.rest.account,GroupController,updateGroup,Long Statement,The length of the statement "UpdateGroupCommand command=accountModelTranslator.getGroupModelTranslator().toUpdateGroupCommand(group`getCurrentUser().getKey());" is 130.,144
xp,com.enonic.wem.web.rest.account,GroupController,validateMembersInUserStore,Long Statement,The length of the statement "String errorMsg="'" + getMemberName(memberKey) + "' cannot be member of group '"+ groupData.getName()+ "'. Group and member must be located in same user store if it is remote.";" is 177.,198
xp,com.enonic.wem.web.rest.userstore,UserStoreConfigController,getAll,Long Identifier,The length of the field userStoreConfigModelTranslator is 30.,79
xp,com.enonic.wem.web.rest.userstore,UserStoreConfigController,getDetail,Long Identifier,The length of the field userStoreConfigModelTranslator is 30.,90
xp,com.enonic.wem.web.rest.userstore,UserStoreConfigController,getConfig,Long Identifier,The length of the field userStoreConfigModelTranslator is 30.,98
xp,com.enonic.wem.web.rest.userstore,UserStoreConfigController,postConfig,Complex Conditional,The conditional expression duplicate != null && (StringUtils.isEmpty(userstoreConfig.getKey()) || StringUtils.isNotEmpty(userstoreConfig.getKey()) && !userstoreConfig.getKey().equals(duplicate.getKey().toString())) is complex.,106
xp,com.enonic.wem.web.rest.userstore,UserStoreConfigController,postConfig,Long Statement,The length of the statement "if (duplicate != null && (StringUtils.isEmpty(userstoreConfig.getKey()) || StringUtils.isNotEmpty(userstoreConfig.getKey()) && !userstoreConfig.getKey().equals(duplicate.getKey().toString()))) {" is 194.,106
xp,com.enonic.wem.web.rest.userstore,UserStoreConfigController,postConfig,Magic Number,The method contains a magic number: 5,106
xp,com.enonic.wem.web.rest.userstore,UserStoreConfigController,getConnectors,Long Identifier,The length of the field userStoreConfigModelTranslator is 30.,156
xp,com.enonic.wem.web.rest.userstore,UserStoreConfigController,updateUserstore,Long Statement,The length of the statement "config=UserStoreConfigParser.parse(XMLDocumentFactory.create(configXmlString).getAsJDOMDocument().getRootElement()`connectorName != null);" is 138.,198
xp,com.enonic.wem.web.rest.userstore,UserStoreConfigController,createUserstore,Long Statement,The length of the statement "config=UserStoreConfigParser.parse(XMLDocumentFactory.create(configXmlString).getAsJDOMDocument().getRootElement()`connectorName != null);" is 138.,228
xp,com.enonic.wem.web.rest.userstore,UserStoreConfigModelTranslator,toModel,Empty catch clause,The method has an empty catch block.,33
xp,com.enonic.wem.web.rest.userstore,UserStoreConfigModelTranslator,toModel,Long Parameter List,The method has 5 parameters. ,33
xp,com.enonic.wem.web.rest.userstore,UserStoreConfigModelTranslator,toModel,Magic Number,The method contains a magic number: 2,33
xp,com.enonic.wem.web.rest.userstore,UserStoreConfigModelTranslator,toModel,Long Parameter List,The method has 5 parameters. ,99
xp,com.enonic.wem.web.rest.userstore,UserStoreConfigModelTranslator,getGroupPolicy,Magic Number,The method contains a magic number: 2,158
xp,com.enonic.wem.web.rest.userstore,UserStoreConfigModelTranslator,getUserPolicy,Magic Number,The method contains a magic number: 2,184
